,Channel_ID,Daily_UV,Average_registration_rate,Average_search_volume,Visit_depth,Average_session_duration,Order_conversion_rate,Total_advertising_duration,Material_type,Ad_type,Cooperation_method,Ad_size,Ad_selling_point
0,A203,3.69,0.0071,0.0214,2.3071,419.77,0.0258,20,jpg,banner,roi,140*40,Promotion and salary increase
1,A387,178.7,0.004,0.0324,2.0489,157.94,0.003,19,jpg,banner,cpc,140*40,Free
2,A388,91.77,0.0022,0.053,1.8771,357.93,0.0026,4,jpg,banner,cpc,140*40,Free
3,A389,1.09,0.0074,0.3382,4.2426,364.07,0.0153,10,jpg,banner,cpc,140*40,Free
4,A390,3.37,0.0028,0.174,2.1934,313.34,0.0007,30,jpg,banner,cpc,140*40,Free
5,A391,0.95,0.0141,0.4155,4.2113,415.56,0.0276,2,jpg,banner,cpc,140*40,Free
6,A392,3.3,0.0028,0.0852,1.7358,155.19,0.0007,4,jpg,banner,cpc,140*40,Free
7,A393,11.91,0.0032,0.0539,2.3751,243.29,0.0032,4,jpg,banner,cpc,140*40,Free
8,A394,49.21,0.0038,0.0448,2.3813,257.53,0.003,6,jpg,banner,cpc,140*40,Free
9,A395,46.31,0.0044,0.0559,2.2621,231.91,0.0029,16,jpg,banner,cpc,140*40,Free
10,A396,125.55,0.0021,0.013,2.0766,238.87,0.0018,19,jpg,banner,cpc,140*40,Free
11,A397,115.38,0.002,0.0184,2.0319,205.02,0.0018,8,jpg,banner,cpc,140*40,Free
12,A398,12.71,0.0008,0.0188,2.0617,228.4,0.0024,21,jpg,banner,cpc,140*40,Free
13,A399,0.74,0.0,0.0125,1.425,152.1,0.0,14,jpg,banner,cpc,140*40,Free
14,A400,408.42,0.0015,0.0117,1.9114,172.92,0.0025,9,jpg,banner,cpc,140*40,Free
15,A401,13.52,0.0021,0.0141,1.8211,176.53,0.0025,15,jpg,banner,cpc,140*40,Free
16,A402,1.53,0.0128,0.0128,1.6603,222.31,0.0047,12,jpg,banner,cpc,140*40,Free
17,A403,2.32,0.0,0.0042,1.9789,267.97,0.0,30,jpg,banner,cpc,140*40,Free
18,A404,20.6,0.0009,0.014,1.7237,245.72,0.0016,11,jpg,banner,cpc,140*40,Free
19,A405,31.84,0.0015,0.0132,1.6553,227.03,0.0012,22,jpg,banner,cpc,140*40,Free
20,A406,30.74,0.0031,0.0103,1.6126,273.09,0.0027,14,jpg,banner,cpc,140*40,Free
21,A407,87.57,0.0014,0.0094,1.7953,170.74,0.0026,13,jpg,banner,cpc,140*40,Free
22,A408,155.81,0.0016,0.0122,1.8087,165.21,0.0026,9,jpg,banner,cpc,140*40,Free
23,A409,1.42,0.0,0.0133,1.5467,195.21,0.0017,19,jpg,banner,cpc,140*40,Free
24,A410,471.3,0.0021,0.0115,1.7931,172.97,0.0026,30,jpg,banner,cpc,140*40,Free
25,A411,397.16,0.002,0.0105,2.3973,244.97,0.0026,23,jpg,banner,cpc,140*40,Free
26,A412,0.73,0.0,0.012,2.0843,266.12,0.0,18,jpg,banner,cpc,140*40,Free
27,A413,56.99,0.0029,0.0124,1.8223,158.79,0.0024,5,jpg,banner,cpc,140*40,Free
28,A414,2699.42,0.006,0.0799,3.8914,362.45,0.0089,18,jpg,banner,cpc,140*40,Free
29,A415,1.26,0.0,0.0152,1.8485,103.7,0.0,12,jpg,banner,cpc,140*40,Free
30,A416,0.97,0.0096,0.0288,2.1058,263.03,0.0025,25,jpg,banner,cpc,140*40,Free
31,A417,51.47,0.0036,0.009,1.4805,177.47,0.0041,29,jpg,banner,cpc,140*40,Free
32,A418,396.72,0.0027,0.0091,1.5081,154.08,0.0031,27,jpg,banner,cpc,140*40,Free
33,A419,120.11,0.0042,0.0095,1.4805,161.68,0.0034,27,jpg,banner,cpc,140*40,Free
34,A420,162.44,0.0012,0.0094,1.6565,111.44,0.0013,23,jpg,banner,cpc,140*40,Free
35,A421,18.11,0.0016,0.0065,1.8496,126.2,0.0024,30,jpg,banner,cpc,140*40,Free
36,A422,3282.76,0.0024,0.0082,2.3239,247.37,0.0029,21,jpg,banner,cpc,140*40,Free
37,A423,3.02,0.0,0.0062,2.3292,319.37,0.0063,18,jpg,banner,cpc,140*40,Free
38,A424,2687.24,0.0037,0.009,2.4957,244.23,0.0049,28,jpg,banner,cpc,140*40,Free
39,A425,148.06,0.0063,0.0226,3.4601,346.18,0.0115,7,jpg,banner,cpc,140*40,Free
40,A426,975.09,0.0044,0.0109,2.4405,221.94,0.0065,26,jpg,banner,cpc,140*40,Free
41,A427,1.78,0.0053,0.0107,2.2299,258.69,0.004,23,jpg,banner,cpc,140*40,Free
42,A428,1.02,0.0,0.019,1.9143,383.9,0.0,5,jpg,banner,cpc,140*40,Free
43,A429,0.72,0.0,0.0,1.8182,452.26,0.0,13,jpg,banner,cpc,140*40,Free
44,A430,1.41,0.0067,0.0201,1.7517,353.21,0.0,12,jpg,banner,cpc,140*40,Free
45,A431,408.62,0.0033,0.0183,2.9112,300.89,0.0056,30,jpg,banner,cpc,140*40,Free
46,A432,26.0,0.0041,0.0075,1.5792,224.96,0.0017,2,jpg,banner,cpc,140*40,Free
47,A433,5.37,0.0018,0.018,1.9928,181.93,0.0049,15,jpg,banner,cpc,140*40,Free
48,A434,131.25,0.004,0.0082,2.0127,235.72,0.0072,6,jpg,banner,cpc,140*40,Free
49,A435,1021.84,0.0012,0.0085,2.0031,191.94,0.0014,13,jpg,banner,cpc,308*388,Free
50,A436,1.45,0.0,0.0,1.8649,183.42,0.0016,14,jpg,banner,cpc,308*388,Free
51,A437,397.25,0.004,0.0174,2.7874,292.63,0.0029,8,jpg,banner,cpc,308*388,Free
52,A438,158.33,0.0035,0.0138,2.5696,296.33,0.0023,1,jpg,banner,cpc,308*388,Free
53,A439,1.34,0.0,0.0,1.3037,233.04,0.0,24,jpg,banner,cpc,308*388,Free
54,A440,3.89,0.0024,0.0048,2.2153,448.55,0.0043,19,jpg,banner,cpc,308*388,Free
55,A441,4.22,0.0,0.0184,1.8782,218.95,0.0011,7,jpg,banner,cpc,308*388,Free
56,A442,1.13,0.0,0.0168,1.8487,328.79,0.0,25,jpg,banner,cpc,308*388,Free
57,A443,62.11,0.0002,0.0107,1.8414,187.24,0.0015,12,jpg,banner,cpc,308*388,Free
58,A444,434.67,0.0012,0.0119,2.6377,227.92,0.0017,12,jpg,banner,cpc,308*388,Free
59,A445,5.12,0.0076,0.017,2.2231,245.51,0.0005,19,jpg,banner,cpc,308*388,Free
60,A446,1.23,0.0391,0.0,2.1172,451.57,0.0039,14,jpg,banner,cpc,308*388,Free
61,A447,0.85,0.0,0.0115,2.2414,321.12,0.0168,27,jpg,banner,cpc,308*388,Free
62,A448,351.81,0.0028,0.0102,2.5722,258.83,0.0044,11,jpg,banner,cpc,308*388,Free
63,A449,28.28,0.0014,0.0038,2.52,245.31,0.0017,6,jpg,banner,cpc,308*388,Free
64,A450,216.24,0.0019,0.0106,2.3688,205.55,0.0012,27,jpg,banner,cpc,308*388,Free
65,A451,37.56,0.0015,0.0159,2.265,238.15,0.0058,9,jpg,banner,cpc,308*388,Free
66,A452,166.28,0.0034,0.0057,2.6545,246.89,0.0029,15,jpg,banner,cpc,308*388,Free
67,A453,0.75,0.0,0.0,1.4026,137.35,0.0,17,jpg,banner,cpc,308*388,Free
68,A454,1.97,0.005,0.0,1.7525,196.86,0.0012,24,jpg,banner,cpc,308*388,Free
69,A455,4.44,0.0,0.0,1.3474,507.23,0.0005,23,jpg,banner,cpc,308*388,Free
70,A456,31.71,0.0003,0.0006,1.0971,263.7,0.0001,15,jpg,banner,cpc,308*388,Free
71,A457,127.05,0.0006,0.0029,1.2228,171.44,0.0003,5,jpg,banner,cpc,308*388,Free
72,A458,8.99,0.0,0.0033,1.488,170.9,0.0005,4,jpg,banner,cpc,308*388,Free
73,A459,7.75,0.0,0.0013,1.0772,403.79,0.0,5,jpg,banner,cpc,308*388,Free
74,A460,239.05,0.0007,0.0017,1.1348,306.17,0.0004,25,jpg,banner,cpc,308*388,Free
75,A461,230.14,0.0,0.0018,1.0898,272.55,0.0001,17,jpg,banner,cpc,308*388,Free
76,A462,8.28,0.0,0.0036,1.0597,232.46,0.0006,4,jpg,banner,cpc,308*388,Free
77,A463,16.76,0.0006,0.0,1.1097,348.37,0.0,17,jpg,banner,cpc,308*388,Free
78,A464,2.42,0.0,0.0041,1.0531,178.38,0.0,5,jpg,banner,cpc,308*388,Free
79,A465,7.34,0.0,0.0067,1.1566,333.67,0.0003,18,jpg,banner,cpc,308*388,Free
80,A466,1.57,0.0,0.0,1.6164,193.02,0.0,27,jpg,banner,cpc,308*388,Free
81,A467,1.38,0.0,0.0,2.0719,197.82,0.0,2,jpg,banner,cpc,308*388,Free
82,A468,54.69,0.0027,0.0014,2.2761,216.27,0.0015,26,jpg,banner,cpc,308*388,Free
83,A469,1.65,0.0172,0.0057,2.4023,252.81,0.0029,4,jpg,banner,cpc,308*388,Free
84,A470,23.52,0.005,0.0021,2.5657,188.77,0.0014,13,jpg,banner,cpc,308*388,Free
85,A471,64.87,0.0015,0.0134,2.2853,248.46,0.0015,24,jpg,banner,cpc,308*388,Free
86,A472,5.76,0.0,0.0085,1.6576,101.15,0.0025,29,jpg,banner,cpc,308*388,Free
87,A473,15.28,0.0049,0.0339,2.5675,291.15,0.0067,14,jpg,banner,cpc,308*388,Free
88,A474,50.49,0.0041,0.0285,2.7619,207.25,0.0033,26,jpg,banner,cpc,308*388,Free
89,A475,0.96,0.01,0.03,2.32,183.64,0.0,19,jpg,banner,cpc,308*388,Free
90,A476,0.72,0.0,0.0676,1.8378,256.22,0.0066,22,jpg,banner,cpc,308*388,Free
91,A477,48.73,0.0016,0.0116,1.8536,155.87,0.0024,16,jpg,banner,cpc,308*388,Free
92,A478,207.03,0.0019,0.01,1.9715,153.84,0.0024,4,jpg,banner,cpc,308*388,Free
93,A479,1.1,0.0,0.0179,1.7143,237.55,0.0,9,jpg,banner,cpc,308*388,Free
94,A480,1.89,0.0,0.0206,1.9845,199.78,0.0025,4,jpg,banner,cpc,308*388,Free
95,A481,1.94,0.0,0.0,1.3969,103.57,0.0,19,jpg,banner,cpc,308*388,Free
96,A482,0.75,0.0,0.0132,1.8158,69.0,0.0,22,jpg,banner,cpc,308*388,Free
97,A483,35.67,0.0019,0.0067,2.181,240.52,0.0027,1,jpg,banner,cpc,308*388,Free
98,A484,170.53,0.0006,0.0035,1.4886,215.68,0.0009,27,jpg,banner,cpc,308*388,Free
99,A485,0.99,0.0,0.0,2.5882,207.3,0.0072,29,jpg,banner,cpc,308*388,Free
100,A486,39.95,0.0059,0.0168,3.3213,331.23,0.0073,19,jpg,banner,cpc,308*388,Free
101,A487,3.92,0.0,0.0148,2.6576,257.91,0.0097,13,jpg,banner,cpc,308*388,Free
102,A488,178.82,0.0,0.0018,1.3158,226.92,0.0,23,jpg,banner,cpc,308*388,Free
103,A489,1.66,0.0056,0.0056,2.9333,406.77,0.0057,20,jpg,banner,cpc,308*388,Free
104,A490,0.72,0.0,0.0,1.0685,162.25,0.0,18,jpg,banner,cpc,308*388,Free
105,A491,27.05,0.003,0.01,3.0344,303.63,0.0048,11,jpg,banner,cpc,308*388,Free
106,A492,883.28,0.0,0.0017,1.3782,234.83,0.0001,26,jpg,banner,cpc,308*388,Free
107,A493,9.94,0.0039,0.0088,2.7251,276.92,0.0034,4,jpg,banner,cpc,308*388,Free
108,A494,60.51,0.0038,0.0081,2.0799,250.96,0.0076,5,jpg,banner,cpc,308*388,Free
109,A495,4.67,0.0,0.0021,1.605,160.15,0.001,9,jpg,banner,cpc,308*388,Free
110,A496,115.65,0.0021,0.0088,2.2557,161.46,0.0022,10,jpg,banner,cpc,308*388,Free
111,A497,3.66,0.0026,0.0053,2.2381,445.52,0.0065,13,jpg,banner,cpc,308*388,Free
112,A498,3.46,0.0056,0.0056,3.0084,299.03,0.0062,25,jpg,banner,cpc,308*388,Free
113,A499,0.79,0.0,0.0125,2.5875,251.05,0.003,16,jpg,banner,cpc,308*388,Free
114,A500,2.44,0.0,0.004,1.9798,331.64,0.002,15,jpg,banner,cpc,308*388,Free
115,A501,12.96,0.0015,0.003,1.9888,332.69,0.0028,28,jpg,banner,cpc,308*388,Free
116,A502,12.35,0.0,0.0,2.0088,101.04,0.0002,11,jpg,banner,cpc,308*388,Free
117,A503,0.71,0.0,0.0,1.2639,103.5,0.0,1,jpg,banner,cpc,308*388,Free
118,A504,0.73,0.0,0.0,1.5205,198.87,0.0,6,jpg,banner,cpc,308*388,Free
119,A505,0.99,0.0,0.0,1.991,601.89,0.0024,22,jpg,banner,cpc,308*388,Free
120,A553,18.65,0.0016,0.0058,1.3014,136.01,0.0009,7,jpg,banner,cpc,308*388,Low Price
121,A554,0.67,0.0,0.0282,2.5634,451.17,0.0,19,jpg,banner,cpc,308*388,Low Price
122,A555,2.21,0.0,0.009,1.6099,132.83,0.0043,20,jpg,banner,cpc,308*388,Low Price
123,A556,1.27,0.0,0.0075,1.694,290.44,0.0,24,jpg,banner,cpc,308*388,Low Price
124,A557,44.05,0.0042,0.0182,3.2005,297.96,0.0023,9,jpg,banner,cpc,308*388,Low Price
125,A558,4.6,0.0,0.0106,1.2399,274.75,0.0,9,jpg,banner,cpc,308*388,Low Price
126,A559,19.39,0.0062,0.0167,3.0434,320.77,0.0029,8,jpg,banner,cpc,308*388,Low Price
127,A560,7.56,0.0013,0.0125,3.1388,324.83,0.0028,21,jpg,banner,cpc,308*388,Low Price
128,A561,77.25,0.0064,0.0165,3.2928,291.31,0.0038,25,jpg,banner,cpc,308*388,Low Price
129,A562,34.01,0.0054,0.0196,3.4732,349.33,0.0036,13,jpg,banner,cpc,308*388,Low Price
130,A563,9.83,0.0029,0.0118,2.2784,320.62,0.0019,1,jpg,banner,cpc,308*388,Low Price
131,A564,23.48,0.0099,0.0163,3.1674,305.89,0.0055,14,jpg,banner,cpc,308*388,Low Price
132,A565,29.69,0.0019,0.0133,1.88,221.56,0.0014,7,jpg,banner,cpc,308*388,Low Price
133,A566,30.2,0.0097,0.0184,2.7905,381.24,0.0054,21,jpg,banner,cpc,308*388,Low Price
134,A567,2.9,0.0,0.0126,2.8454,375.19,0.0016,29,jpg,banner,cpc,308*388,Low Price
135,A568,0.61,0.0,0.0704,2.8592,436.05,0.0,16,jpg,banner,cpc,308*388,Low Price
136,A844,1827.19,0.0,0.0021,2.4351,94.47,0.0001,10,jpg,banner,cpc,308*388,Improving efficiency
137,A845,1850.26,0.0,0.0021,2.4714,92.25,0.0001,26,jpg,banner,cpc,308*388,Improving efficiency
138,A846,25294.77,0.0013,0.0056,2.0443,291.37,0.0019,1,jpg,banner,cpc,308*388,Improving efficiency
139,A847,4064.1,0.0008,0.0045,3.1884,156.86,0.0013,28,jpg,banner,cpc,308*388,Improving efficiency
140,A848,1810.84,0.0001,0.0027,2.4701,104.47,0.0003,5,jpg,banner,cpc,308*388,Improving efficiency
141,A849,6822.28,0.0004,0.0067,2.7575,147.05,0.0009,22,jpg,banner,roi,308*388,Improving efficiency
142,A850,12068.18,0.0031,0.0266,3.4892,273.5,0.0047,10,jpg,banner,cpc,308*388,Improving efficiency
143,A851,8.52,0.0,0.0,2.2837,174.27,0.0,10,jpg,banner,cpc,308*388,Improving efficiency
144,A852,1.7,0.0,0.0,1.9708,108.1,0.0,26,jpg,banner,cpc,308*388,Improving efficiency
145,A853,16752.95,0.0013,0.0197,2.0797,327.89,0.002,1,jpg,banner,cpc,308*388,Improving efficiency
146,A854,5.07,0.0,0.0,1.5582,101.17,0.0,15,jpg,banner,cpc,308*388,Improving efficiency
147,A855,14.84,0.0,0.0,1.0721,185.03,0.0,12,jpg,banner,cpc,308*388,Improving efficiency
148,A856,4304.33,0.0012,0.0089,3.0204,132.64,0.0019,30,jpg,banner,cpc,308*388,Improving efficiency
149,A857,5.08,0.0,0.0,1.6621,63.73,0.0,9,jpg,banner,cpc,308*388,Improving efficiency
150,A858,1.15,0.0,0.0086,1.7759,77.45,0.0,25,jpg,banner,cpc,308*388,Improving efficiency
151,A859,0.53,0.0278,0.0,9.9583,680.03,0.0719,24,jpg,banner,roi,308*388,Improving efficiency
152,A860,0.65,0.0,0.3049,5.9268,438.96,0.0183,29,jpg,banner,roi,308*388,Improving efficiency
153,A118,689.18,0.0001,0.0041,1.2746,347.71,0.0002,11,video,tips,cpm,450*300,Promotion and salary increase
154,A119,711.71,0.0002,0.0012,1.2957,229.33,0.0001,3,video,tips,cpm,450*300,Promotion and salary increase
155,A120,51.28,0.0004,0.0109,1.168,261.29,0.0003,14,video,tips,cpm,450*300,Promotion and salary increase
156,A121,837.77,0.0,0.0013,1.1692,695.05,0.0,27,video,tips,cpm,450*300,Promotion and salary increase
157,A122,397.34,0.0,0.0026,1.1392,687.09,0.0,13,video,tips,cpm,450*300,Promotion and salary increase
158,A123,838.98,0.0,0.0001,1.0621,375.92,0.0,1,video,tips,cpm,450*300,Promotion and salary increase
159,A124,1027.8,0.0014,0.0083,2.005,420.23,0.0027,1,video,tips,cpm,450*300,Promotion and salary increase
160,A125,776.93,0.0032,0.0056,1.5872,470.25,0.0014,26,video,tips,cpm,450*300,Promotion and salary increase
161,A126,810.64,0.0003,0.0042,1.4892,511.82,0.0004,20,video,tips,cpm,450*300,Promotion and salary increase
162,A127,515.57,0.0019,0.0019,1.6943,293.64,0.0013,10,video,tips,cpm,450*300,Promotion and salary increase
163,A128,481.45,0.0,0.0003,1.2045,521.41,0.0001,9,video,tips,cpm,450*300,Promotion and salary increase
164,A129,378.75,0.0,0.0019,1.2483,333.51,0.0001,9,video,tips,cpm,450*300,Promotion and salary increase
165,A130,1061.24,0.0001,0.0009,1.1294,536.39,0.0,13,video,tips,cpm,450*300,Promotion and salary increase
166,A131,221.37,0.0005,0.0011,1.3376,247.39,0.0005,2,video,tips,cpm,450*300,Promotion and salary increase
167,A132,699.72,0.0001,0.0039,1.2969,348.1,0.0001,26,video,tips,cpm,450*300,Free
168,A133,739.93,0.0004,0.0014,1.3032,236.05,0.0001,23,video,tips,cpm,450*300,Free
169,A134,56.04,0.0,0.007,1.1712,265.84,0.0006,25,video,tips,cpm,450*300,Free
170,A135,513.11,0.0,0.0001,1.0495,400.81,0.0,13,video,tips,cpm,450*300,Free
171,A136,607.28,0.0001,0.0021,1.234,640.29,0.0002,1,video,tips,cpm,450*300,Free
172,A169,6101.12,0.0001,0.0012,3.0462,79.12,0.0001,17,video,tips,cpm,450*300,Free
173,A170,2.66,0.0,0.0,1.0526,209.6,0.0,21,video,tips,cpm,450*300,Promotion and salary increase
174,A171,2.15,0.0,0.0,2.893,61.76,0.0,30,video,tips,cpm,450*300,Promotion and salary increase
175,A384,4782.88,0.0,0.0017,1.4086,360.79,0.0,3,video,tips,cpm,450*300,Free
176,A385,1553.42,0.0,0.0003,1.0074,517.0,0.0,4,video,tips,cpm,450*300,Free
177,A386,9276.45,0.0,0.0002,1.3062,573.57,0.0,26,video,tips,cpm,450*300,Free
178,A49,2.8,0.0,0.0,1.1815,156.15,0.0,16,video,tips,cpm,450*300,Promotion and salary increase
179,A50,0.62,0.0,0.0,5.8497,731.24,0.0307,22,video,tips,cpm,450*300,Promotion and salary increase
180,A51,0.75,0.0118,0.0,2.3412,358.06,0.0032,26,video,tips,cpm,450*300,Promotion and salary increase
181,A52,0.71,0.0,0.0,1.6316,595.08,0.0,9,video,tips,cpm,450*300,Promotion and salary increase
182,A53,0.69,0.0,0.0106,1.7234,339.95,0.0,26,video,tips,cpm,450*300,Promotion and salary increase
183,A54,10.37,0.0027,0.2581,2.0878,460.32,0.0023,16,video,tips,cpm,450*300,Promotion and salary increase
184,A55,22.03,0.0028,0.273,1.9634,331.8,0.0026,9,video,tips,cpm,450*300,Promotion and salary increase
185,A56,8.69,0.0052,0.2721,2.2492,320.94,0.003,27,video,tips,cpm,450*300,Promotion and salary increase
186,A569,1696.8,0.0006,0.0025,1.4892,449.28,0.0007,27,video,tips,cpc,450*300,Low Price
187,A57,1371.16,0.0007,0.0032,1.3058,196.46,0.0005,15,video,tips,cpm,450*300,Promotion and salary increase
188,A58,8022.95,0.0015,0.0028,1.2836,222.02,0.0006,13,video,tips,cpm,450*300,Promotion and salary increase
189,A671,2857.91,0.0002,0.0004,1.1931,504.9,0.0004,14,video,tips,cpm,450*300,Employment
190,A672,617.93,0.0004,0.0004,1.223,540.66,0.0003,4,video,tips,cpm,450*300,Employment
191,A673,2774.65,0.0005,0.004,1.4392,218.48,0.0005,11,video,tips,cpm,450*300,Employment
192,A674,865.18,0.0083,0.0474,4.8006,406.2,0.0108,19,video,tips,cpm,450*300,Employment
193,A675,1688.73,0.0014,0.003,1.7099,231.09,0.0006,15,video,tips,cpm,450*300,Employment
194,A676,4701.77,0.0001,0.0022,1.4726,402.4,0.0001,17,video,tips,cpm,450*300,Employment
195,A677,3005.82,0.0003,0.0018,1.2415,466.74,0.0003,16,video,tips,cpm,450*300,Employment
196,A678,73.63,0.0011,0.0032,1.2954,183.13,0.0005,15,video,tips,cpm,450*300,Employment
197,A679,693.89,0.0013,0.0036,1.5914,232.55,0.0011,16,video,tips,cpc,450*300,Employment
198,A680,1945.05,0.0002,0.0019,1.348,619.79,0.0003,9,video,tips,cpc,450*300,Employment
199,A681,146.68,0.0011,0.0021,1.7829,290.85,0.0013,26,video,tips,cpc,450*300,Employment
200,A682,4001.49,0.0,0.0002,1.3918,432.26,0.0001,9,video,tips,cpc,450*300,Employment
201,A683,583.85,0.0082,0.0941,4.1954,392.9,0.0106,28,video,tips,cpc,450*300,Employment
202,A684,1643.32,0.0,0.0003,1.0218,575.75,0.0,23,video,tips,cpc,450*300,Employment
203,A686,6087.03,0.0,0.0004,1.5439,764.75,0.0,11,video,tips,cpc,450*300,Free
204,A687,3.44,0.0,0.0,1.0287,486.22,0.0,22,video,tips,cpc,450*300,Employment
205,A688,1.61,0.0,0.0,1.0121,298.53,0.0,17,video,tips,cpc,450*300,Employment
206,A861,66.02,0.0,0.0036,2.9038,296.99,0.0001,30,jpg,tips,roi,450*300,Improving efficiency
207,A1,0.77,0.0,0.0127,1.9494,340.73,0.0,4,video,Information flow,cpc,600*90,Promotion and salary increase
208,A10,1098.3,0.0008,0.006,1.9497,448.69,0.0007,25,video,Information flow,cpc,600*90,Promotion and salary increase
209,A100,307.46,0.0153,0.1413,7.2082,523.27,0.0308,17,video,Information flow,cpm,600*90,Promotion and salary increase
210,A101,14.22,0.0,0.0,1.0152,232.24,0.0,13,video,Information flow,cpm,600*90,Promotion and salary increase
211,A102,2.55,0.0,0.0076,1.4981,510.51,0.0009,14,video,Information flow,cpm,600*90,Promotion and salary increase
212,A103,175.02,0.0098,0.1084,5.5044,495.25,0.0137,21,video,Information flow,cpm,600*90,Promotion and salary increase
213,A104,15.04,0.0036,0.0263,5.0156,414.17,0.0108,2,video,Information flow,cpm,600*90,Promotion and salary increase
214,A105,9320.06,0.0017,0.0061,1.941,518.54,0.0018,18,video,Information flow,cpm,600*90,Promotion and salary increase
215,A106,6.18,0.0,0.0016,1.0208,328.79,0.0,4,video,Information flow,cpm,600*90,Promotion and salary increase
216,A107,1.51,0.0,0.0,1.0065,570.42,0.0,24,video,Information flow,cpm,600*90,Promotion and salary increase
217,A11,493.45,0.0001,0.0043,1.323,368.06,0.0,16,video,Information flow,cpm,600*90,Promotion and salary increase
218,A114,1816.29,0.0006,0.0006,1.292,526.88,0.0006,17,video,Information flow,cpm,600*90,Promotion and salary increase
219,A115,2266.65,0.0013,0.0127,1.6095,496.31,0.0014,17,video,Information flow,cpm,600*90,Promotion and salary increase
220,A12,122.04,0.0033,0.017,2.7937,365.16,0.0032,19,video,Information flow,cpc,600*90,Promotion and salary increase
221,A13,0.64,0.0,0.33,5.71,666.3,0.0112,7,video,Information flow,cpc,600*90,Promotion and salary increase
222,A137,513.1,0.0066,0.0474,2.6251,329.86,0.0053,6,video,Information flow,roi,600*90,Promotion and salary increase
223,A138,1.78,0.0,0.0576,3.2446,569.2,0.0147,30,video,Information flow,roi,600*90,Promotion and salary increase
224,A139,1101.34,0.0,0.0014,1.6067,68.78,0.0001,19,video,Information flow,roi,600*90,Promotion and salary increase
225,A14,1.36,0.0,0.2271,4.9345,628.01,0.0105,18,video,Information flow,cpc,600*90,Promotion and salary increase
226,A140,198.7,0.0,0.0009,1.6886,65.93,0.0001,26,video,Information flow,roi,600*90,Promotion and salary increase
227,A141,978.37,0.0,0.0017,1.4973,69.2,0.0001,27,video,Information flow,roi,600*90,Promotion and salary increase
228,A142,361.36,0.0,0.0026,1.5839,83.78,0.0001,4,video,Information flow,roi,600*90,Promotion and salary increase
229,A143,752.21,0.0,0.0017,1.4797,121.38,0.0001,7,video,Information flow,roi,600*90,Promotion and salary increase
230,A144,658.32,0.0,0.0015,1.5743,76.48,0.0004,24,video,Information flow,roi,600*90,Promotion and salary increase
231,A145,404.01,0.0,0.0012,1.5393,71.57,0.0001,19,video,Information flow,roi,600*90,Promotion and salary increase
232,A146,1119.39,0.0,0.0008,1.5275,65.7,0.0001,27,video,Information flow,roi,600*90,Promotion and salary increase
233,A147,354.75,0.0,0.0005,1.5221,69.01,0.0001,27,video,Information flow,roi,600*90,Promotion and salary increase
234,A148,417.31,0.0002,0.002,1.5091,111.28,0.0001,21,video,Information flow,roi,600*90,Promotion and salary increase
235,A149,1260.56,0.0003,0.0002,1.6028,81.25,0.0002,25,video,Information flow,roi,600*90,Promotion and salary increase
236,A15,2.25,0.0,0.269,4.5761,465.62,0.019,8,video,Information flow,cpc,600*90,Promotion and salary increase
237,A150,1107.49,0.0,0.0014,1.4979,75.65,0.0,27,video,Information flow,roi,600*90,Promotion and salary increase
238,A151,733.3,0.0001,0.0013,1.5459,61.81,0.0001,18,video,Information flow,roi,600*90,Promotion and salary increase
239,A152,1240.76,0.0,0.0011,1.5285,61.21,0.0001,9,video,Information flow,roi,600*90,Promotion and salary increase
240,A153,754.35,0.0001,0.0007,1.5224,67.74,0.0002,30,video,Information flow,roi,600*90,Promotion and salary increase
241,A154,416.05,0.0,0.0,1.6777,72.81,0.0001,16,video,Information flow,roi,600*90,Promotion and salary increase
242,A16,136.83,0.0036,0.0136,2.6497,367.05,0.0036,9,video,Information flow,cpc,600*90,Promotion and salary increase
243,A17,4.94,0.0018,0.0232,3.4393,458.02,0.0082,25,video,Information flow,cpc,600*90,Promotion and salary increase
244,A172,0.77,0.0,0.0,1.2308,157.7,0.0,19,video,Information flow,cpc,600*90,Promotion and salary increase
245,A173,5303.27,0.0012,0.0032,2.1992,281.56,0.0014,14,video,Information flow,cpc,600*90,Promotion and salary increase
246,A174,8900.04,0.0,0.0011,1.9078,228.05,0.0,29,video,Information flow,cpc,600*90,Promotion and salary increase
247,A175,1.9,0.0,0.0,1.2421,145.44,0.0,3,video,Information flow,cpc,600*90,Promotion and salary increase
248,A176,1.26,0.0,0.0,1.2143,135.27,0.0,28,video,Information flow,cpc,600*90,Promotion and salary increase
249,A178,24.49,0.0034,0.0467,2.7989,439.09,0.0052,9,video,Information flow,cpc,600*90,Promotion and salary increase
250,A179,1887.63,0.0017,0.0044,2.4998,310.83,0.0025,4,video,Information flow,cpc,600*90,Promotion and salary increase
251,A18,304.07,0.0029,0.0141,2.7393,369.61,0.0028,14,video,Information flow,cpc,600*90,Promotion and salary increase
252,A180,5360.48,0.0,0.0012,2.0176,240.31,0.0,27,video,Information flow,cpc,600*90,Promotion and salary increase
253,A181,0.89,0.0,0.0,1.3708,146.37,0.0,4,video,Information flow,cpc,600*90,Promotion and salary increase
254,A182,0.75,0.0,0.0,1.2533,157.81,0.0,5,video,Information flow,cpc,600*90,Promotion and salary increase
255,A19,0.8,0.0,0.023,1.7586,185.38,0.0,11,video,Information flow,cpc,600*90,Promotion and salary increase
256,A190,64.67,0.0097,0.0685,2.9173,402.44,0.0113,6,video,Information flow,roi,600*90,Promotion and salary increase
257,A2,1.02,0.0073,0.3869,4.2336,487.93,0.0023,20,video,Information flow,cpc,600*90,Promotion and salary increase
258,A20,0.07,0.0079,0.0,2.1587,813.25,0.068,1,video,Information flow,cpc,600*90,Promotion and salary increase
259,A284,170.08,0.0,0.0001,1.23,212.62,0.0,24,video,Information flow,roi,600*90,Promotion and salary increase
260,A285,769.74,0.0,0.0,1.3363,253.83,0.0,10,video,Information flow,roi,600*90,Promotion and salary increase
261,A286,144.52,0.0,0.0001,2.0592,136.31,0.0002,8,video,Information flow,roi,600*90,Promotion and salary increase
262,A287,102.3,0.0,0.0002,1.5622,180.64,0.0,11,video,Information flow,roi,600*90,Promotion and salary increase
263,A288,280.38,0.0,0.0001,1.3405,235.54,0.0001,29,video,Information flow,roi,600*90,Promotion and salary increase
264,A289,589.44,0.0,0.0001,1.4317,272.17,0.0,24,video,Information flow,roi,600*90,Promotion and salary increase
265,A290,1135.49,0.0,0.0,1.3572,120.8,0.0,18,video,Information flow,roi,600*90,Promotion and salary increase
266,A291,214.62,0.0001,0.0004,1.5784,133.23,0.0001,3,video,Information flow,roi,600*90,Promotion and salary increase
267,A292,523.69,0.0,0.0001,1.2794,124.51,0.0,30,video,Information flow,roi,600*90,Promotion and salary increase
268,A293,283.28,0.0001,0.0001,1.2761,92.92,0.0,18,video,Information flow,roi,600*90,Promotion and salary increase
269,A294,145.6,0.0,0.0,1.005,74.21,0.0,1,video,Information flow,roi,600*90,Promotion and salary increase
270,A295,7046.57,0.0017,0.0088,1.7672,221.22,0.008,5,video,Information flow,cpd,600*90,Promotion and salary increase
271,A296,2.27,0.0,0.0,1.6053,160.45,0.0084,2,video,Information flow,cpd,600*90,Promotion and salary increase
272,A297,1715.52,0.0,0.0,1.8602,221.3,0.0,17,video,Information flow,roi,600*90,Promotion and salary increase
273,A298,238.67,0.0,0.0,1.4299,205.27,0.0,9,video,Information flow,roi,600*90,Promotion and salary increase
274,A299,269.08,0.0,0.0001,1.3947,197.62,0.0001,18,video,Information flow,roi,600*90,Promotion and salary increase
275,A3,305.5,0.0104,0.023,5.082,410.24,0.0117,9,video,Information flow,cpc,600*90,Promotion and salary increase
276,A300,251.06,0.0,0.0,1.382,213.38,0.0,15,video,Information flow,roi,600*90,Promotion and salary increase
277,A301,338.98,0.0005,0.0014,1.4833,332.64,0.0003,13,video,Information flow,roi,600*90,Promotion and salary increase
278,A302,197.65,0.0,0.0,1.3619,188.61,0.0,29,video,Information flow,roi,600*90,Promotion and salary increase
279,A303,328.88,0.0,0.0,1.3489,193.5,0.0,2,video,Information flow,roi,600*90,Promotion and salary increase
280,A304,300.51,0.0,0.0001,1.3653,256.95,0.0,14,video,Information flow,roi,600*90,Promotion and salary increase
281,A305,147.74,0.0,0.0002,1.3417,348.43,0.0,12,video,Information flow,roi,600*90,Promotion and salary increase
282,A306,67.15,0.0186,0.0442,3.2373,379.45,0.0059,17,video,Information flow,roi,600*90,Promotion and salary increase
283,A307,2.02,0.017,0.034,4.383,499.02,0.0165,29,video,Information flow,roi,600*90,Promotion and salary increase
284,A308,854.1,0.0001,0.0002,1.4034,305.66,0.0001,27,video,Information flow,roi,600*90,Promotion and salary increase
285,A309,406.28,0.0001,0.0002,2.3409,146.62,0.0001,22,video,Information flow,roi,600*90,Promotion and salary increase
286,A310,651.86,0.0001,0.0004,1.606,217.77,0.0001,25,video,Information flow,roi,600*90,Promotion and salary increase
287,A311,102.38,0.0,0.0002,1.4001,109.16,0.0,4,video,Information flow,roi,600*90,Promotion and salary increase
288,A312,104.74,0.0,0.0003,1.4206,111.76,0.0,22,video,Information flow,roi,600*90,Promotion and salary increase
289,A313,97.54,0.0001,0.0005,1.9125,821.86,0.0002,21,video,Information flow,roi,600*90,Promotion and salary increase
290,A314,199.34,0.0,0.0001,1.2386,70.4,0.0,21,video,Information flow,roi,600*90,Promotion and salary increase
291,A315,144.78,0.0,0.0,2.16,167.53,0.0,18,video,Information flow,roi,600*90,Promotion and salary increase
292,A316,39.87,0.0,0.0003,1.6008,183.48,0.0004,13,video,Information flow,roi,600*90,Promotion and salary increase
293,A317,188.98,0.0,0.0001,1.4025,152.93,0.0,24,video,Information flow,roi,600*90,Promotion and salary increase
294,A318,629.39,0.0,0.0,1.2791,123.42,0.0,22,video,Information flow,roi,600*90,Promotion and salary increase
295,A319,344.39,0.0,0.0,1.2985,91.31,0.0,15,video,Information flow,roi,600*90,Promotion and salary increase
296,A320,68.1,0.0,0.0003,1.2895,157.56,0.0,9,video,Information flow,roi,600*90,Promotion and salary increase
297,A321,204.19,0.0003,0.0005,1.4165,110.77,0.0001,26,video,Information flow,roi,600*90,Promotion and salary increase
298,A322,225.32,0.0093,0.056,2.5971,341.32,0.0067,17,video,Information flow,roi,600*90,Promotion and salary increase
299,A323,20.8,0.0077,0.0218,2.6558,274.39,0.0061,12,video,Information flow,roi,600*90,Promotion and salary increase
300,A324,2.67,0.0,0.0241,3.1375,244.69,0.0009,20,video,Information flow,roi,600*90,Promotion and salary increase
301,A325,0.89,0.0,0.6087,1.663,123.17,0.0027,4,video,Information flow,roi,600*90,Promotion and salary increase
302,A326,1468.39,0.0,0.0029,1.6421,56.86,0.0001,20,video,Information flow,roi,600*90,Promotion and salary increase
303,A327,1.01,0.0,0.0,1.0291,501.0,0.0,5,video,Information flow,roi,600*90,Promotion and salary increase
304,A328,901.18,0.0,0.0028,1.6532,56.7,0.0001,10,video,Information flow,roi,600*90,Promotion and salary increase
305,A329,465.33,0.0,0.003,1.4862,91.0,0.0001,24,video,Information flow,roi,600*90,Promotion and salary increase
306,A330,602.09,0.0,0.0027,1.434,46.42,0.0,24,video,Information flow,roi,600*90,Promotion and salary increase
307,A331,600.82,0.0,0.0025,1.6191,75.3,0.0001,18,video,Information flow,roi,600*90,Promotion and salary increase
308,A332,399.67,0.0001,0.0013,1.596,71.23,0.0003,16,video,Information flow,roi,600*90,Promotion and salary increase
309,A333,982.25,0.0001,0.0015,1.5626,60.05,0.0002,9,video,Information flow,roi,600*90,Promotion and salary increase
310,A334,1532.41,0.0002,0.0003,1.6146,73.78,0.0002,28,video,Information flow,roi,600*90,Promotion and salary increase
311,A335,803.43,0.0001,0.0043,1.5386,61.64,0.0003,23,video,Information flow,roi,600*90,Promotion and salary increase
312,A336,342.46,0.0001,0.0026,1.5926,61.44,0.0002,3,video,Information flow,roi,600*90,Promotion and salary increase
313,A337,10.89,0.0051,0.0536,1.9234,242.15,0.0052,25,video,Information flow,roi,600*90,Promotion and salary increase
314,A338,1201.08,0.0005,0.0065,1.5939,150.12,0.0007,19,video,Information flow,roi,600*90,Promotion and salary increase
315,A339,1370.23,0.0,0.0029,1.5876,64.37,0.0001,5,video,Information flow,roi,600*90,Promotion and salary increase
316,A340,1.76,0.0,0.0,1.0056,155.5,0.0,8,video,Information flow,roi,600*90,Promotion and salary increase
317,A341,1359.99,0.0001,0.0024,1.5742,75.32,0.0001,13,video,Information flow,roi,600*90,Promotion and salary increase
318,A342,1546.1,0.0,0.002,1.4602,131.42,0.0001,30,video,Information flow,roi,600*90,Promotion and salary increase
319,A343,1133.96,0.0,0.0016,1.5077,59.06,0.0001,16,video,Information flow,roi,600*90,Promotion and salary increase
320,A344,667.23,0.0,0.0016,1.5677,72.96,0.0001,20,video,Information flow,roi,600*90,Promotion and salary increase
321,A345,592.01,0.0002,0.0043,1.5847,68.78,0.0004,9,video,Information flow,roi,600*90,Promotion and salary increase
322,A346,1368.76,0.0,0.003,1.5879,65.17,0.0002,24,video,Information flow,roi,600*90,Promotion and salary increase
323,A347,1.53,0.0,0.0,1.0,,0.0,26,video,Information flow,roi,600*90,Promotion and salary increase
324,A348,1469.64,0.0001,0.0026,1.4454,101.62,0.0001,12,video,Information flow,roi,600*90,Promotion and salary increase
325,A349,1409.28,0.0005,0.0039,1.613,87.3,0.0004,13,video,Information flow,roi,600*90,Promotion and salary increase
326,A35,0.17,0.0,0.0,4.7791,283.99,0.0,25,jpg,Information flow,roi,600*90,Promotion and salary increase
327,A350,1136.97,0.0,0.0016,1.5033,67.41,0.0001,11,video,Information flow,roi,600*90,Promotion and salary increase
328,A351,337.6,0.0001,0.0014,1.5732,78.72,0.0002,19,video,Information flow,roi,600*90,Promotion and salary increase
329,A352,260.79,0.0001,0.001,1.5386,96.98,0.0001,21,video,Information flow,roi,600*90,Promotion and salary increase
330,A353,619.46,0.0003,0.0008,1.5275,67.36,0.0001,17,video,Information flow,roi,600*90,Free
331,A354,396.46,0.0001,0.0006,1.5556,72.73,0.0001,26,video,Information flow,roi,600*90,Free
332,A355,2942.91,0.0002,0.0052,1.3733,216.56,0.0004,19,video,Information flow,roi,600*90,Free
333,A356,0.78,0.0,0.0127,1.0253,166.0,0.0,12,video,Information flow,roi,600*90,Free
334,A357,675.88,0.0,0.0024,1.652,55.56,0.0001,25,video,Information flow,roi,600*90,Promotion and salary increase
335,A358,346.1,0.0,0.0026,1.4907,90.49,0.0001,22,video,Information flow,roi,600*90,Promotion and salary increase
336,A359,450.74,0.0,0.0027,1.4395,46.92,0.0,22,video,Information flow,roi,600*90,Promotion and salary increase
337,A360,446.52,0.0,0.0026,1.624,71.31,0.0001,10,video,Information flow,roi,600*90,Promotion and salary increase
338,A361,836.44,0.0,0.0018,1.4841,136.51,0.0001,24,video,Information flow,roi,600*90,Promotion and salary increase
339,A362,119.54,0.0,0.001,1.5585,71.16,0.0001,26,video,Information flow,roi,600*90,Promotion and salary increase
340,A363,578.19,0.0,0.0012,1.4386,114.72,0.0001,27,video,Information flow,roi,600*90,Promotion and salary increase
341,A364,878.2,0.0001,0.0011,1.5427,60.89,0.0001,22,video,Information flow,roi,600*90,Promotion and salary increase
342,A365,1480.21,0.0001,0.001,1.5308,64.93,0.0002,11,video,Information flow,roi,600*90,Promotion and salary increase
343,A366,1684.74,0.0001,0.0004,1.5536,74.94,0.0001,19,video,Information flow,roi,600*90,Promotion and salary increase
344,A367,89.43,0.0001,0.001,1.3091,55.16,0.0001,14,video,Information flow,roi,600*90,Free
345,A368,393.62,0.0,0.0012,1.4425,142.97,0.0,29,video,Information flow,roi,600*90,Free
346,A369,1057.87,0.0002,0.0003,1.6017,71.27,0.0002,13,video,Information flow,roi,600*90,Free
347,A370,881.77,0.0,0.0012,1.5971,59.54,0.0001,20,video,Information flow,roi,600*90,Free
348,A371,996.42,0.0001,0.001,1.6045,60.41,0.0001,11,video,Information flow,roi,600*90,Free
349,A372,153.21,0.0,0.0008,1.6127,51.95,0.0001,20,video,Information flow,roi,600*90,Free
350,A373,258.32,0.0001,0.0007,1.574,57.9,0.0001,20,video,Information flow,roi,600*90,Free
351,A374,1012.55,0.0,0.0028,1.4911,47.19,0.0002,10,video,Information flow,roi,600*90,Free
352,A375,489.81,0.0,0.0041,1.6446,56.97,0.0002,8,video,Information flow,roi,600*90,Free
353,A376,742.15,0.0,0.0025,1.6568,59.39,0.0001,11,video,Information flow,roi,600*90,Promotion and salary increase
354,A377,0.75,0.0,0.0,1.0,,0.0,20,video,Information flow,roi,600*90,Promotion and salary increase
355,A378,224.31,0.0,0.0025,1.5366,85.94,0.0001,22,video,Information flow,roi,600*90,Promotion and salary increase
356,A379,324.36,0.0022,0.0214,2.0138,164.84,0.0023,9,video,Information flow,roi,600*90,Promotion and salary increase
357,A380,384.98,0.0006,0.0051,1.6848,81.95,0.0005,11,video,Information flow,roi,600*90,Promotion and salary increase
358,A381,267.21,0.0,0.0018,1.4446,157.97,0.0002,15,video,Information flow,roi,600*90,Promotion and salary increase
359,A382,295.91,0.0,0.0014,1.4185,123.42,0.0001,23,video,Information flow,roi,600*90,Free
360,A4,1189.39,0.0004,0.0027,1.37,478.29,0.0005,1,video,Information flow,cpc,600*90,Promotion and salary increase
361,A45,226.54,0.0026,0.004,1.4799,289.12,0.0012,12,video,Information flow,cpd,600*90,Promotion and salary increase
362,A46,59.13,0.0003,0.0033,1.2975,224.8,0.0006,18,video,Information flow,cpd,600*90,Promotion and salary increase
363,A47,55.88,0.0002,0.004,1.3373,215.93,0.0002,28,video,Information flow,cpd,600*90,Promotion and salary increase
364,A48,9.1,0.0,0.0073,2.1897,455.43,0.0029,24,video,Information flow,cpd,600*90,Promotion and salary increase
365,A5,1117.88,0.0004,0.0027,1.4559,440.44,0.0007,28,video,Information flow,cpc,600*90,Promotion and salary increase
366,A550,1.92,0.005,0.025,2.7,321.48,0.0012,15,video,Information flow,cpc,600*90,Low Price
367,A551,0.18,0.0,0.0,6.4211,388.22,0.0265,16,video,Information flow,cpc,600*90,Low Price
368,A552,0.49,0.0125,0.0,6.9125,284.79,0.1409,11,video,Information flow,cpc,600*90,Low Price
369,A59,0.65,0.0,0.0972,2.2222,241.41,0.0,16,video,Information flow,cpd,600*90,Promotion and salary increase
370,A6,1063.37,0.0005,0.0012,1.2821,476.98,0.0005,29,video,Information flow,cpc,600*90,Promotion and salary increase
371,A60,0.73,0.0,0.1519,2.2025,198.4,0.0,16,video,Information flow,cpd,600*90,Promotion and salary increase
372,A61,1.44,0.0,0.1216,1.6486,352.47,0.0017,3,video,Information flow,cpd,600*90,Promotion and salary increase
373,A62,0.99,0.0,0.0826,2.4545,397.95,0.0,26,video,Information flow,cpd,600*90,Promotion and salary increase
374,A63,72.35,0.0012,0.0043,1.5359,269.37,0.0006,26,video,Information flow,cpd,600*90,Promotion and salary increase
375,A64,62.3,0.0005,0.0034,1.5254,266.89,0.0004,24,video,Information flow,cpd,600*90,Promotion and salary increase
376,A65,78.21,0.0004,0.0042,1.586,294.97,0.0008,21,video,Information flow,cpd,600*90,Promotion and salary increase
377,A66,51.75,0.0028,0.0069,1.8624,390.41,0.0028,25,video,Information flow,cpd,600*90,Promotion and salary increase
378,A67,21.94,0.0027,0.0036,1.372,269.4,0.0002,3,video,Information flow,cpd,600*90,Promotion and salary increase
379,A68,64.6,0.0003,0.0044,1.4722,267.0,0.0003,24,video,Information flow,cpd,600*90,Promotion and salary increase
380,A685,1218.94,0.0018,0.0048,1.6414,381.58,0.0004,17,video,Information flow,roi,600*90,Employment
381,A689,26.75,0.0,0.0782,1.8645,513.57,0.0002,11,video,Information flow,roi,600*90,Employment
382,A69,117.45,0.0009,0.0037,1.8305,335.47,0.0028,27,video,Information flow,cpd,600*90,Promotion and salary increase
383,A690,69.35,0.0001,0.0761,1.8563,725.85,0.0013,29,video,Information flow,roi,600*90,Employment
384,A691,8.29,0.0011,0.0997,1.9398,532.84,0.0014,17,video,Information flow,roi,600*90,Employment
385,A692,72.51,0.0006,0.1078,1.7832,690.57,0.0005,11,video,Information flow,roi,600*90,Employment
386,A693,20.33,0.0031,0.1009,1.8688,768.77,0.0026,23,video,Information flow,roi,600*90,Employment
387,A694,1136.77,0.0045,0.1007,2.7114,552.17,0.005,6,video,Information flow,cpd,600*90,Employment
388,A695,0.66,0.0,0.7802,2.4835,243.51,0.0,30,video,Information flow,roi,600*90,Employment
389,A696,0.96,0.0,0.9394,2.5909,311.92,0.0,11,video,Information flow,roi,600*90,Employment
390,A697,29.9,0.0,0.0812,1.6649,673.9,0.0001,30,video,Information flow,roi,600*90,Employment
391,A698,88.41,0.0003,0.0758,1.7988,616.85,0.0009,25,video,Information flow,roi,600*90,Employment
392,A699,30.03,0.0009,0.0872,1.6901,572.08,0.0001,27,video,Information flow,roi,600*90,Employment
393,A7,3.11,0.0052,0.4031,2.7881,313.81,0.0054,13,video,Information flow,cpc,600*90,Promotion and salary increase
394,A70,109.16,0.0012,0.003,1.9749,360.02,0.0007,13,video,Information flow,cpd,600*90,Promotion and salary increase
395,A700,111.35,0.001,0.0852,2.0015,526.58,0.0008,30,video,Information flow,roi,600*90,Employment
396,A701,77.85,0.0008,0.0544,1.7753,530.35,0.0026,28,video,Information flow,roi,600*90,Employment
397,A702,42.9,0.0004,0.0779,1.7904,554.1,0.0007,13,video,Information flow,roi,600*90,Employment
398,A703,1.64,0.0,0.1908,4.458,1123.75,0.0218,14,video,Information flow,roi,600*90,Employment
399,A704,1.63,0.0,0.6049,3.4585,451.3,0.0088,14,video,Information flow,roi,600*90,Employment
400,A705,2.71,0.0,0.6042,3.1484,502.25,0.0053,17,video,Information flow,roi,600*90,Employment
401,A706,0.94,0.0091,0.6909,2.6545,331.6,0.0,9,video,Information flow,roi,600*90,Employment
402,A707,1.71,0.0,0.6406,2.6544,308.71,0.0056,21,video,Information flow,roi,600*90,Employment
403,A708,1.79,0.0125,0.575,3.9458,402.23,0.0133,26,video,Information flow,roi,600*90,Employment
404,A709,82.15,0.0007,0.027,1.1681,492.83,0.0002,14,video,Information flow,roi,600*90,Employment
405,A71,36.84,0.0016,0.004,1.7388,349.98,0.0006,17,video,Information flow,cpd,600*90,Promotion and salary increase
406,A710,236.71,0.0005,0.0252,1.1278,422.25,0.0003,29,video,Information flow,roi,600*90,Employment
407,A711,80.21,0.0007,0.0248,1.2758,372.19,0.0004,26,video,Information flow,roi,600*90,Employment
408,A712,115.09,0.0016,0.0512,1.8003,317.08,0.001,15,video,Information flow,roi,600*90,Employment
409,A713,405.54,0.0003,0.0261,1.1573,507.82,0.0002,16,video,Information flow,roi,600*90,Employment
410,A714,368.15,0.0001,0.0289,1.1453,444.78,0.0005,16,video,Information flow,roi,600*90,Employment
411,A715,98.09,0.0,0.0322,1.1556,491.25,0.0003,2,video,Information flow,roi,600*90,Employment
412,A72,14.8,0.008,0.0046,1.9072,447.55,0.0019,15,video,Information flow,cpd,600*90,Promotion and salary increase
413,A722,0.23,0.0,0.0,4.3333,329.51,0.0725,5,video,Information flow,cpd,600*90,Employment
414,A723,0.11,0.0,0.0222,9.4333,804.01,0.2165,5,video,Information flow,cpd,600*90,Employment
415,A724,4.75,0.0033,0.3719,3.995,389.79,0.008,28,video,Information flow,cpd,600*90,Employment
416,A73,22.65,0.0009,0.0013,1.5255,293.41,0.0008,16,video,Information flow,cpd,600*90,Promotion and salary increase
417,A74,61.58,0.0006,0.0041,1.5803,324.65,0.0005,16,video,Information flow,cpd,600*90,Promotion and salary increase
418,A75,6.61,0.0088,0.0058,2.1974,482.07,0.0025,25,video,Information flow,cpd,600*90,Promotion and salary increase
419,A765,31.75,0.0,0.0,2.0019,250.23,0.0,8,video,Information flow,roi,600*90,Employment
420,A766,122.69,0.0,0.0,2.0321,184.13,0.0,29,video,Information flow,roi,600*90,Employment
421,A767,1680.85,0.0074,0.0876,2.6838,356.09,0.0113,15,video,Information flow,cpd,600*90,Employment
422,A768,4.62,0.0063,0.8701,4.1252,797.91,0.0124,2,video,Information flow,roi,600*90,Employment
423,A769,48.84,0.0,0.0,2.0648,282.41,0.0,27,video,Information flow,roi,600*90,Employment
424,A770,392.66,0.0,0.0,2.1555,258.4,0.0,9,video,Information flow,roi,600*90,Employment
425,A771,451.06,0.0,0.0,2.0421,188.43,0.0,9,video,Information flow,roi,600*90,Employment
426,A772,241.59,0.0,0.0,2.2202,253.5,0.0,14,video,Information flow,roi,600*90,Employment
427,A773,525.75,0.0,0.0,2.021,252.09,0.0,15,video,Information flow,roi,600*90,Employment
428,A774,197.59,0.0,0.0,2.0991,297.26,0.0,4,video,Information flow,roi,600*90,Employment
429,A775,876.45,0.0,0.0,2.0228,326.46,0.0,16,video,Information flow,roi,600*90,Employment
430,A776,716.67,0.0,0.0,2.2846,236.66,0.0,29,video,Information flow,roi,600*90,Employment
431,A777,192.63,0.0,0.0,2.1933,286.13,0.0,30,video,Information flow,roi,600*90,Employment
432,A778,323.36,0.0,0.0007,2.1823,178.28,0.0,16,video,Information flow,roi,600*90,Employment
433,A779,803.04,0.0,0.0017,2.4799,149.81,0.0,30,video,Information flow,roi,600*90,Employment
434,A780,559.37,0.0,0.0007,2.123,94.46,0.0,30,video,Information flow,roi,600*90,Employment
435,A781,64.76,0.0,0.0,1.9951,256.57,0.0,12,video,Information flow,roi,600*90,Employment
436,A782,116.99,0.0,0.0,2.0305,183.96,0.0,24,video,Information flow,roi,600*90,Employment
437,A783,645.58,0.0,0.0,2.1543,231.31,0.0001,7,video,Information flow,roi,600*90,Employment
438,A784,386.23,0.0,0.0,2.0153,308.77,0.0,15,video,Information flow,roi,600*90,Employment
439,A785,283.03,0.0001,0.0,2.1235,328.11,0.0001,24,video,Information flow,roi,600*90,Employment
440,A786,935.84,0.0,0.0,2.0259,314.37,0.0,27,video,Information flow,roi,600*90,Employment
441,A787,733.91,0.0,0.0001,2.1692,222.04,0.0,21,video,Information flow,roi,600*90,Employment
442,A788,154.99,0.0001,0.0,2.0652,246.43,0.0002,20,video,Information flow,roi,600*90,Employment
443,A789,573.99,0.0,0.0016,2.4101,253.02,0.0,4,video,Information flow,roi,600*90,Employment
444,A790,568.75,0.0,0.0018,2.4239,112.6,0.0,22,video,Information flow,roi,600*90,Employment
445,A791,1434.15,0.0,0.0027,1.406,218.51,0.0,26,video,Information flow,roi,600*90,Employment
446,A792,1166.81,0.0001,0.001,1.7227,129.32,0.0,12,video,Information flow,roi,600*90,Employment
447,A793,11.85,0.007,0.6776,3.0425,486.8,0.007,13,video,Information flow,roi,600*90,Employment
448,A794,2.46,0.0188,0.0875,3.975,645.35,0.0184,14,video,Information flow,roi,600*90,Employment
449,A795,1.06,0.0245,0.4663,3.9755,621.63,0.0157,14,video,Information flow,cpd,600*90,Employment
450,A796,273.45,0.0,0.0,2.0382,187.23,0.0,6,video,Information flow,roi,600*90,Employment
451,A797,468.49,0.0,0.0,2.1511,229.68,0.0,30,video,Information flow,roi,600*90,Employment
452,A798,151.78,0.0,0.0,2.1131,327.71,0.0001,20,video,Information flow,roi,600*90,Employment
453,A799,430.4,0.0,0.0,1.9811,332.93,0.0001,9,video,Information flow,roi,600*90,Employment
454,A8,0.77,0.0115,0.4138,2.2299,191.35,0.0,2,video,Information flow,cpc,600*90,Promotion and salary increase
455,A800,881.65,0.0,0.0,2.122,232.79,0.0,13,video,Information flow,roi,600*90,Employment
456,A801,526.27,0.0,0.0,2.1132,300.4,0.0,10,video,Information flow,roi,600*90,Employment
457,A802,369.87,0.0,0.0012,2.1813,196.3,0.0002,15,video,Information flow,roi,600*90,Employment
458,A803,91.08,0.0,0.0,2.1698,242.23,0.0,3,video,Information flow,roi,600*90,Employment
459,A804,124.99,0.0,0.0,2.0332,185.72,0.0,19,video,Information flow,roi,600*90,Employment
460,A805,123.17,0.0,0.0,2.0698,266.7,0.0,11,video,Information flow,roi,600*90,Employment
461,A806,466.87,0.0,0.0014,2.0575,213.56,0.0,1,video,Information flow,roi,600*90,Employment
462,A807,497.7,0.0,0.0017,2.4297,89.53,0.0,23,video,Information flow,roi,600*90,Employment
463,A808,533.73,0.0,0.0004,2.0839,85.83,0.0,2,video,Information flow,roi,600*90,Employment
464,A809,580.53,0.0,0.0,2.1909,241.37,0.0,4,video,Information flow,roi,600*90,Employment
465,A810,714.43,0.0,0.0006,1.9956,211.52,0.0,26,video,Information flow,roi,600*90,Employment
466,A811,317.57,0.0,0.0,2.0904,299.88,0.0,26,video,Information flow,roi,600*90,Employment
467,A812,558.48,0.0,0.001,2.5033,172.26,0.0,28,video,Information flow,roi,600*90,Employment
468,A813,2200.39,0.0,0.0026,1.573,218.53,0.0,24,video,Information flow,roi,600*90,Employment
469,A814,604.84,0.0,0.0004,2.2709,122.73,0.0,25,video,Information flow,roi,600*90,Improving efficiency
470,A815,715.77,0.0,0.0,2.0563,253.99,0.0,28,video,Information flow,roi,600*90,Improving efficiency
471,A816,2167.97,0.0,0.0,2.0895,376.69,0.0,24,video,Information flow,roi,600*90,Improving efficiency
472,A817,394.3,0.0,0.0,2.6812,344.62,0.0,26,video,Information flow,roi,600*90,Improving efficiency
473,A818,609.12,0.0001,0.0005,2.9256,335.58,0.0001,28,video,Information flow,roi,600*90,Improving efficiency
474,A819,386.16,0.0,0.0003,2.5766,159.34,0.0,21,video,Information flow,roi,600*90,Improving efficiency
475,A820,67.24,0.0,0.0003,2.1527,258.95,0.0,10,video,Information flow,roi,600*90,Improving efficiency
476,A821,121.94,0.0,0.0001,2.0297,184.99,0.0,16,video,Information flow,roi,600*90,Improving efficiency
477,A822,46.92,0.0,0.0,1.9105,197.56,0.0,15,video,Information flow,roi,600*90,Improving efficiency
478,A823,133.72,0.0,0.0,1.9878,291.94,0.0,23,video,Information flow,roi,600*90,Improving efficiency
479,A824,339.39,0.0,0.001,1.9986,200.04,0.0,13,video,Information flow,roi,600*90,Improving efficiency
480,A828,19.64,0.0,0.0753,1.8636,156.3,0.0019,22,jpg,Information flow,roi,600*90,Improving efficiency
481,A829,1.12,0.0,0.1278,1.5789,129.15,0.0,28,jpg,Information flow,roi,600*90,Improving efficiency
482,A830,14.04,0.0,0.02,1.7465,124.91,0.0002,30,jpg,Information flow,roi,600*90,Low Price
483,A831,25.48,0.0,0.0075,2.099,142.16,0.0004,27,jpg,Information flow,roi,600*90,Low Price
484,A832,16.34,0.0,0.0189,1.8854,157.41,0.0001,14,jpg,Information flow,roi,600*90,Low Price
485,A833,3.96,0.0,0.0019,1.5364,125.04,0.0012,21,jpg,Information flow,roi,600*90,Low Price
486,A834,0.76,0.0,1.037,1.3086,236.06,0.0,14,jpg,Information flow,roi,600*90,Low Price
487,A835,1.43,0.0,0.1341,6.067,630.79,0.0666,21,jpg,Information flow,roi,600*90,Low Price
488,A836,26.64,0.0,0.0041,2.8518,282.28,0.0,22,jpg,Information flow,roi,600*90,Low Price
489,A837,2.59,0.0,0.0147,2.2198,144.09,0.0028,28,jpg,Information flow,roi,600*90,Low Price
490,A838,14.87,0.0005,0.002,1.9985,196.04,0.0026,20,jpg,Information flow,roi,600*90,Low Price
491,A839,49.73,0.0,0.0008,2.3221,42.84,0.0,13,jpg,Information flow,roi,600*90,Low Price
492,A840,176.58,0.0,0.0017,2.3496,38.59,0.0,28,jpg,Information flow,roi,600*90,Low Price
493,A841,416.84,0.0,0.0018,2.3554,38.78,0.0001,19,jpg,Information flow,roi,600*90,Low Price
494,A842,408.11,0.0,0.0013,2.2521,38.21,0.0,20,jpg,Information flow,roi,600*90,Low Price
495,A843,6.06,0.0,0.0,2.275,201.35,0.0012,12,jpg,Information flow,roi,600*90,Low Price
496,A862,0.79,0.0,0.0,2.8354,66.37,0.0,14,jpg,Information flow,roi,600*90,Improving efficiency
497,A863,0.72,0.0,0.4805,1.6883,467.18,0.0,11,jpg,Information flow,roi,600*90,Improving efficiency
498,A864,0.76,0.0,0.0117,10.1211,1005.39,0.0909,27,jpg,Information flow,roi,600*90,Improving efficiency
499,A865,1741.81,0.0001,0.0022,2.4836,98.39,0.0,18,jpg,Information flow,roi,600*90,Improving efficiency
500,A866,6098.97,0.0003,0.0077,2.421,140.04,0.0009,4,jpg,Information flow,roi,600*90,Improving efficiency
501,A867,172.62,0.0002,0.0032,2.8346,303.85,0.0002,5,jpg,Information flow,roi,600*90,Improving efficiency
502,A868,10.42,0.0,0.0028,2.7075,277.46,0.0,20,jpg,Information flow,roi,600*90,Improving efficiency
503,A869,20.94,0.0,0.0042,2.6971,275.51,0.0001,10,jpg,Information flow,roi,600*90,Improving efficiency
504,A870,848.12,0.0002,0.0057,3.0121,308.63,0.0005,15,jpg,Information flow,roi,600*90,Improving efficiency
505,A871,65.09,0.0022,0.0461,3.6031,310.8,0.004,30,jpg,Information flow,roi,600*90,Improving efficiency
506,A872,52.41,0.0002,0.0015,2.8241,250.8,0.0,6,jpg,Information flow,roi,600*90,Improving efficiency
507,A873,417.27,0.0,0.0066,2.7978,281.09,0.0004,18,jpg,Information flow,roi,600*90,Improving efficiency
508,A874,386.96,0.0012,0.0193,3.1531,250.27,0.0049,10,jpg,Information flow,roi,600*90,Improving efficiency
509,A875,8.16,0.0047,0.0198,1.8884,232.34,0.002,29,jpg,Information flow,roi,600*90,Improving efficiency
510,A876,1008.22,0.0003,0.0047,2.2518,71.82,0.0009,30,jpg,Information flow,roi,600*90,Improving efficiency
511,A877,87.49,0.0,0.0016,2.2137,44.81,0.0001,11,jpg,Information flow,roi,600*90,Improving efficiency
512,A878,40.21,0.0,0.0027,2.184,39.11,0.0,6,jpg,Information flow,roi,600*90,Improving efficiency
513,A879,152.22,0.0001,0.0029,2.2023,93.46,0.0,6,jpg,Information flow,roi,600*90,Improving efficiency
514,A880,91.79,0.0053,0.024,3.7476,541.15,0.0142,22,jpg,Information flow,roi,600*90,Improving efficiency
515,A881,1488.17,0.0014,0.0071,2.1687,145.95,0.0029,3,jpg,Information flow,roi,480*360,Improving efficiency
516,A9,4.97,0.0057,0.2702,5.5553,465.83,0.0244,24,video,Information flow,cpc,600*90,Promotion and salary increase
517,A97,0.61,0.0096,0.0962,5.9712,917.39,0.0351,28,video,Information flow,cpm,600*90,Promotion and salary increase
518,A98,1.2,0.0,0.448,2.0,219.0,0.0,15,video,Information flow,cpm,600*90,Promotion and salary increase
519,A99,16516.13,0.0009,0.0059,1.7708,531.53,0.0019,10,video,Information flow,cpm,600*90,Promotion and salary increase
520,A108,162.88,0.0,0.0,1.0077,22.92,0.0,6,jpg,banner,cpm,600*90,Employment
521,A109,9.99,0.0,0.001,1.009,18.77,0.0,10,jpg,banner,cpm,600*90,Employment
522,A110,502.84,0.0001,0.0,1.0149,38.92,0.0,19,jpg,banner,cpm,600*90,Employment
523,A111,168.31,0.0,0.0002,1.023,77.98,0.0001,2,jpg,banner,cpm,600*90,Employment
524,A112,32.76,0.0,0.0003,1.0387,96.85,0.0,30,jpg,banner,cpm,600*90,Employment
525,A113,139.99,0.0003,0.0001,1.0344,114.88,0.0001,16,jpg,banner,cpm,600*90,Employment
526,A116,4.78,0.005,0.4908,3.7002,489.25,0.008,9,jpg,banner,cpc,600*90,Employment
527,A117,5.1,0.003,0.5342,4.631,451.28,0.0135,9,jpg,banner,cpc,600*90,Employment
528,A156,306.37,0.0,0.0033,1.3893,241.02,0.0001,9,jpg,banner,cpc,600*90,Employment
529,A157,152.72,0.0001,0.0028,1.8394,176.11,0.0001,30,jpg,banner,cpc,600*90,Employment
530,A158,88.86,0.0,0.0031,1.9085,98.14,0.0,7,jpg,banner,cpc,600*90,Employment
531,A159,287.93,0.0,0.0027,1.8996,114.92,0.0,2,jpg,banner,cpc,600*90,Employment
532,A160,565.31,0.0,0.0022,1.7711,173.16,0.0,30,jpg,banner,cpc,600*90,Employment
533,A161,568.8,0.0001,0.0017,1.6585,134.03,0.0,14,jpg,banner,cpc,600*90,Employment
534,A162,178.9,0.0,0.0017,1.8327,107.28,0.0,5,jpg,banner,cpc,600*90,Employment
535,A163,0.74,0.0,0.0132,1.9211,426.0,0.0,8,jpg,banner,cpc,600*90,Employment
536,A164,1322.14,0.0014,0.005,1.3908,274.15,0.0004,20,jpg,banner,cpc,600*90,Employment
537,A165,87.48,0.0002,0.0059,1.3419,258.99,0.0004,5,jpg,banner,cpc,600*90,Employment
538,A166,543.67,0.0009,0.0046,1.2429,316.72,0.0002,12,jpg,banner,cpc,600*90,Employment
539,A167,39.18,0.0,0.0055,1.2206,259.97,0.0002,18,jpg,banner,cpc,600*90,Employment
540,A168,1.25,0.0,0.0,2.1061,318.56,0.0,13,jpg,banner,cpc,600*90,Employment
541,A177,55.07,0.0014,0.0046,1.9271,383.78,0.0014,16,jpg,banner,cpc,600*90,Employment
542,A183,0.06,0.0,0.0,1.1656,409.5,0.0,10,jpg,banner,cpc,600*90,Employment
543,A184,579.0,0.0,0.0012,1.8318,80.3,0.0,3,jpg,banner,cpc,600*90,Employment
544,A185,398.8,0.0,0.0002,1.8756,99.27,0.0,4,jpg,banner,cpc,600*90,Employment
545,A186,498.85,0.0,0.0029,1.8693,124.97,0.0,19,jpg,banner,cpc,600*90,Employment
546,A187,477.69,0.0,0.0025,1.7601,157.33,0.0,26,jpg,banner,cpc,600*90,Employment
547,A188,1281.1,0.0,0.0026,1.8829,115.39,0.0,10,jpg,banner,cpc,600*90,Employment
548,A189,359.93,0.0,0.0018,1.7518,176.82,0.0,5,jpg,banner,cpc,600*90,Employment
549,A191,167.44,0.0066,0.1574,4.2488,404.57,0.0086,18,jpg,banner,cpc,600*90,Employment
550,A192,173.43,0.0053,0.0849,4.2528,365.57,0.0051,7,jpg,banner,cpc,600*90,Employment
551,A193,63.48,0.0061,0.1439,3.6239,331.89,0.0059,29,jpg,banner,cpc,600*90,Employment
552,A194,518.78,0.0041,0.0562,3.0421,258.29,0.0032,12,jpg,banner,cpc,600*90,Employment
553,A195,391.13,0.0,0.0011,1.8291,77.0,0.0,19,jpg,banner,cpc,600*90,Employment
554,A196,266.4,0.0,0.0003,1.8802,96.95,0.0,5,jpg,banner,cpc,600*90,Employment
555,A197,225.01,0.0001,0.0019,1.8384,95.36,0.0,10,jpg,banner,cpc,600*90,Employment
556,A198,87.42,0.0071,0.0231,2.3304,201.35,0.0059,5,jpg,banner,cpc,600*90,Employment
557,A199,713.75,0.0,0.0012,1.8215,80.46,0.0,17,jpg,banner,cpc,600*90,Employment
558,A200,638.76,0.0,0.0008,1.5621,178.65,0.0,15,jpg,banner,cpc,600*90,Employment
559,A201,623.6,0.0,0.0004,1.8561,98.93,0.0,11,jpg,banner,cpc,600*90,Employment
560,A202,38.57,0.0003,0.0028,1.8591,76.34,0.0002,6,jpg,banner,cpc,600*90,Employment
561,A204,538.46,0.0001,0.0031,1.8848,127.14,0.0001,7,jpg,banner,cpc,600*90,Employment
562,A205,315.57,0.0002,0.0035,1.816,123.49,0.0002,23,jpg,banner,cpc,600*90,Employment
563,A206,0.49,0.0,0.0857,4.3429,548.6,0.0,8,jpg,banner,cpc,600*90,Employment
564,A207,292.98,0.0,0.0025,1.8332,138.98,0.0,2,jpg,banner,cpc,600*90,Employment
565,A208,296.14,0.0,0.0031,1.9034,101.06,0.0,2,jpg,banner,cpc,600*90,Employment
566,A209,36.53,0.0008,0.0091,2.1337,161.22,0.001,7,jpg,banner,cpc,600*90,Employment
567,A210,2604.89,0.0001,0.0011,1.873,76.43,0.0,11,jpg,banner,cpc,600*90,Employment
568,A211,1.44,0.0,0.0068,1.0,86.0,0.0,4,jpg,banner,cpc,600*90,Employment
569,A212,0.93,0.0,0.0,1.5914,59.28,0.0,4,jpg,banner,cpc,600*90,Employment
570,A213,830.9,0.0,0.0015,1.8754,77.77,0.0,5,jpg,banner,cpc,600*90,Employment
571,A214,61.83,0.0002,0.0,1.9279,83.03,0.0001,27,jpg,banner,cpc,600*90,Employment
572,A217,0.88,0.0,0.0566,3.783,417.36,0.0054,4,jpg,banner,cpc,600*90,Employment
573,A218,413.49,0.0,0.0033,2.0443,151.66,0.0,1,jpg,banner,cpc,600*90,Employment
574,A219,0.6,0.0,0.093,3.6047,422.59,0.004,21,jpg,banner,cpc,600*90,Employment
575,A220,267.82,0.0,0.0027,1.8544,124.81,0.0,15,jpg,banner,cpc,600*90,Employment
576,A221,151.88,0.0,0.0022,1.7966,175.38,0.0,6,jpg,banner,cpc,600*90,Employment
577,A222,548.71,0.0,0.0023,1.9003,118.96,0.0,22,jpg,banner,cpc,600*90,Employment
578,A223,5.24,0.0,0.0,1.9237,119.78,0.0,27,jpg,banner,cpc,600*90,Employment
579,A224,1345.56,0.0,0.0011,1.8324,80.33,0.0,28,jpg,banner,cpc,600*90,Employment
580,A225,950.39,0.0,0.0007,1.4946,221.93,0.0001,20,jpg,banner,cpc,600*90,Employment
581,A226,707.09,0.0,0.0004,1.8627,98.31,0.0,3,jpg,banner,cpc,600*90,Employment
582,A227,88.72,0.0,0.0017,2.2162,165.41,0.0,9,jpg,banner,cpc,600*90,Employment
583,A228,155.81,0.0,0.0024,1.8435,100.2,0.0,8,jpg,banner,cpc,600*90,Employment
584,A229,136.97,0.0,0.0022,1.8675,77.1,0.0001,5,jpg,banner,cpc,600*90,Employment
585,A230,309.7,0.0,0.0013,1.8047,86.29,0.0,5,jpg,banner,cpc,600*90,Employment
586,A231,117.5,0.0001,0.0025,1.8284,101.37,0.0,21,jpg,banner,cpc,600*90,Employment
587,A232,106.87,0.0,0.0024,2.1959,165.49,0.0,2,jpg,banner,cpc,600*90,Employment
588,A233,297.22,0.0001,0.0029,1.8578,123.74,0.0,24,jpg,banner,cpc,600*90,Employment
589,A234,167.75,0.0,0.0026,1.8706,185.82,0.0003,18,jpg,banner,cpc,600*90,Employment
590,A235,829.38,0.0,0.0025,1.8948,107.93,0.0002,24,jpg,banner,cpc,600*90,Employment
591,A236,634.46,0.0,0.0014,1.7834,159.79,0.0,15,jpg,banner,cpc,600*90,Employment
592,A237,184.86,0.0,0.0017,1.823,83.28,0.0003,7,jpg,banner,cpc,600*90,Employment
593,A238,444.57,0.0,0.0009,1.3652,163.19,0.0001,1,jpg,banner,cpc,600*90,Employment
594,A239,99.87,0.0,0.0008,1.8737,93.7,0.0,25,jpg,banner,cpc,600*90,Employment
595,A240,255.12,0.0,0.002,1.987,192.27,0.0,23,jpg,banner,cpc,600*90,Employment
596,A241,484.6,0.0,0.0024,1.7611,210.73,0.0,28,jpg,banner,cpc,600*90,Employment
597,A242,289.89,0.0,0.0024,1.9907,142.93,0.0,28,jpg,banner,cpc,600*90,Employment
598,A243,286.49,0.0,0.0016,2.0016,217.64,0.0,15,jpg,banner,cpc,600*90,Employment
599,A244,518.55,0.0,0.0014,1.8053,158.75,0.0001,29,jpg,banner,cpc,600*90,Employment
600,A245,981.16,0.0,0.0015,1.864,77.2,0.0001,1,jpg,banner,cpc,600*90,Employment
601,A246,557.57,0.0001,0.0013,1.6529,132.02,0.0001,25,jpg,banner,cpc,600*90,Employment
602,A247,169.09,0.0,0.0025,1.8829,94.91,0.0,21,jpg,banner,cpc,600*90,Employment
603,A248,119.4,0.0001,0.002,1.8281,148.43,0.0,20,jpg,banner,cpc,600*90,Employment
604,A249,119.14,0.0,0.0011,1.8204,112.15,0.0,29,jpg,banner,cpc,600*90,Employment
605,A250,131.73,0.0,0.0027,2.2175,173.47,0.0,27,jpg,banner,cpc,600*90,Employment
606,A251,365.14,0.0001,0.0027,1.8602,125.84,0.0,16,jpg,banner,cpc,600*90,Employment
607,A252,215.6,0.0,0.0024,1.8047,177.7,0.0,23,jpg,banner,cpc,600*90,Employment
608,A253,765.2,0.0,0.0024,1.8905,120.83,0.0,6,jpg,banner,cpc,600*90,Employment
609,A254,257.8,0.0,0.0021,1.8435,101.63,0.0,18,jpg,banner,cpc,600*90,Employment
610,A255,565.89,0.0,0.0014,1.7371,189.85,0.0,28,jpg,banner,cpc,600*90,Employment
611,A256,198.03,0.0001,0.001,1.8663,78.97,0.0002,1,jpg,banner,cpc,600*90,Employment
612,A257,474.41,0.0,0.0018,1.8065,86.81,0.0,19,jpg,banner,cpc,600*90,Employment
613,A258,365.39,0.0,0.0004,1.8689,99.78,0.0,14,jpg,banner,cpc,600*90,Employment
614,A259,467.28,0.0,0.002,1.9663,197.13,0.0,8,jpg,banner,cpc,600*90,Employment
615,A260,117.98,0.0,0.0031,2.0146,128.38,0.0,13,jpg,banner,cpc,600*90,Employment
616,A261,680.23,0.0,0.0023,1.9802,149.7,0.0,20,jpg,banner,cpc,600*90,Employment
617,A262,51.93,0.0,0.0019,1.8797,76.3,0.0,3,jpg,banner,cpc,600*90,Employment
618,A263,537.37,0.0,0.0013,1.8393,82.17,0.0,11,jpg,banner,cpc,600*90,Employment
619,A264,364.77,0.0001,0.0003,1.8955,96.57,0.0003,20,jpg,banner,cpc,600*90,Employment
620,A265,228.07,0.0,0.0022,1.8451,99.91,0.0,9,jpg,banner,cpc,600*90,Employment
621,A266,428.28,0.0,0.0016,1.7397,193.96,0.0,28,jpg,banner,cpc,600*90,Employment
622,A267,741.94,0.0,0.001,1.846,80.12,0.0,30,jpg,banner,cpc,600*90,Employment
623,A268,361.74,0.0,0.0003,1.8679,99.38,0.0,11,jpg,banner,cpc,600*90,Employment
624,A269,0.65,0.0,0.5429,1.6429,131.13,0.0,10,jpg,banner,cpc,600*90,Employment
625,A270,180.05,0.0,0.0024,2.2217,169.44,0.0,11,jpg,banner,cpc,600*90,Employment
626,A271,498.19,0.0,0.0027,1.8619,123.98,0.0,16,jpg,banner,cpc,600*90,Employment
627,A272,478.65,0.0,0.0029,1.7664,158.25,0.0,11,jpg,banner,cpc,600*90,Employment
628,A273,1032.75,0.0,0.0026,1.8981,116.3,0.0,13,jpg,banner,cpc,600*90,Employment
629,A274,263.58,0.0,0.0028,1.9906,195.62,0.0,1,jpg,banner,cpc,600*90,Employment
630,A275,75.0,0.0,0.002,2.039,143.59,0.0,23,jpg,banner,cpc,600*90,Employment
631,A276,473.33,0.0001,0.0024,1.741,208.98,0.0,18,jpg,banner,cpc,600*90,Employment
632,A277,189.59,0.0,0.0023,2.0546,176.67,0.0,6,jpg,banner,cpc,600*90,Employment
633,A278,290.83,0.0,0.0014,1.7971,85.86,0.0,25,jpg,banner,cpc,600*90,Promotion and salary increase
634,A279,318.47,0.0001,0.0008,1.8577,77.19,0.0002,10,jpg,banner,cpc,600*90,Promotion and salary increase
635,A280,271.14,0.0,0.0004,1.9033,98.79,0.0004,9,jpg,banner,cpc,600*90,Promotion and salary increase
636,A281,543.34,0.0,0.002,1.9942,191.28,0.0,20,jpg,banner,cpc,600*90,Promotion and salary increase
637,A282,138.79,0.0,0.0021,2.0325,125.49,0.0,11,jpg,banner,cpc,600*90,Promotion and salary increase
638,A283,367.32,0.0,0.0027,1.927,137.48,0.0001,10,jpg,banner,cpc,600*90,Promotion and salary increase
639,A383,24.82,0.0022,0.0761,3.0297,308.71,0.0092,11,jpg,banner,cpc,600*90,Employment
640,A42,617.68,0.0,0.0021,1.1434,147.66,0.0,7,jpg,banner,cpc,600*90,Employment
641,A43,810.12,0.0001,0.0019,1.1485,77.19,0.0001,12,jpg,banner,cpc,600*90,Employment
642,A44,5.47,0.0,0.0,1.5504,261.59,0.0022,9,gif,banner,cpc,600*90,Employment
643,A512,1.97,0.0,0.0,1.3858,2.26,0.0,30,jpg,banner,cpc,600*90,Employment
644,A513,1.97,0.0,0.0,1.3756,1.93,0.0,26,jpg,banner,cpc,600*90,Employment
645,A514,1.95,0.0,0.0,1.3846,2.41,0.0,5,jpg,banner,cpc,600*90,Employment
646,A515,1.98,0.0,0.0,1.3838,2.38,0.0,6,jpg,banner,cpc,600*90,Employment
647,A516,1.97,0.0,0.0,1.3807,2.44,0.0,21,jpg,banner,cpc,600*90,Employment
648,A517,1.97,0.0,0.0,1.3807,2.35,0.0,7,jpg,banner,cpc,600*90,Employment
649,A518,1.97,0.0,0.0,1.3807,2.69,0.0,17,jpg,banner,cpc,600*90,Employment
650,A519,1.96,0.0,0.0,1.3827,2.47,0.0,3,jpg,banner,cpc,600*90,Employment
651,A520,1.96,0.0,0.0,1.3878,2.85,0.0,6,jpg,banner,cpc,600*90,Employment
652,A521,1.98,0.0,0.0,1.3838,2.46,0.0,5,jpg,banner,cpc,600*90,Employment
653,A522,1.98,0.0,0.0,1.3687,2.43,0.0,30,jpg,banner,cpc,600*90,Employment
654,A523,1.96,0.0,0.0,1.3827,2.52,0.0,8,jpg,banner,cpc,600*90,Employment
655,A524,1.98,0.0,0.0,1.3838,2.38,0.0,25,jpg,banner,cpc,600*90,Employment
656,A525,1.98,0.0,0.0,1.3737,2.32,0.0,4,jpg,banner,cpc,600*90,Employment
657,A526,1.98,0.0,0.0,1.3788,1.93,0.0,26,jpg,banner,cpc,600*90,Employment
658,A527,1.98,0.0,0.0,1.3737,2.08,0.0,22,jpg,banner,cpc,600*90,Employment
659,A528,1.97,0.0,0.0,1.3807,2.57,0.0,4,jpg,banner,cpc,600*90,Employment
660,A529,1.98,0.0,0.0,1.3687,2.39,0.0,18,jpg,banner,cpc,600*90,Employment
661,A530,1.95,0.0,0.0,1.3846,2.7,0.0,9,jpg,banner,cpc,600*90,Employment
662,A531,1.99,0.0,0.0,1.3819,2.38,0.0,29,jpg,banner,cpc,600*90,Employment
663,A532,1.99,0.0,0.0,1.3769,2.54,0.0,9,jpg,banner,cpc,600*90,Employment
664,A533,1.95,0.0,0.0,1.3846,2.28,0.0,9,jpg,banner,cpc,600*90,Employment
665,A534,1.99,0.0,0.0,1.3819,2.45,0.0,1,jpg,banner,cpc,600*90,Employment
666,A535,1.99,0.0,0.0,1.3819,1.95,0.0,15,jpg,banner,cpc,600*90,Employment
667,A536,1.98,0.0,0.0,1.3889,2.32,0.0,5,jpg,banner,cpc,600*90,Employment
668,A537,1.97,0.0,0.0,1.3807,2.57,0.0,21,jpg,banner,cpc,600*90,Employment
669,A538,1.99,0.0,0.0,1.3769,2.15,0.0,3,jpg,banner,cpc,600*90,Employment
670,A539,1.97,0.0,0.0,1.3858,2.73,0.0,3,jpg,banner,cpc,600*90,Employment
671,A540,1.98,0.0,0.0,1.3788,1.99,0.0,28,jpg,banner,cpc,600*90,Employment
672,A541,1.98,0.0,0.0,1.3788,1.87,0.0,30,jpg,banner,cpc,600*90,Employment
673,A542,1.97,0.0,0.0,1.3706,1.95,0.0,12,jpg,banner,cpc,600*90,Employment
674,A543,1.98,0.0,0.0,1.3889,1.99,0.0,26,jpg,banner,cpc,600*90,Employment
675,A544,1.99,0.0,0.0,1.3869,1.77,0.0,3,jpg,banner,cpc,600*90,Employment
676,A545,1.97,0.0,0.0,1.3858,2.16,0.0,22,jpg,banner,cpc,600*90,Employment
677,A546,1.96,0.0,0.0,1.3776,2.23,0.0,10,jpg,banner,cpc,600*90,Employment
678,A547,1.98,0.0,0.0,1.3838,2.26,0.0,15,jpg,banner,cpc,600*90,Employment
679,A548,1.97,0.0,0.0,1.3807,1.78,0.0,9,jpg,banner,cpc,600*90,Low Price
680,A549,1.93,0.0,0.0,1.3834,1.64,0.0,21,jpg,banner,cpc,600*90,Low Price
681,A570,1291.11,0.0028,0.0096,2.515,415.74,0.0031,16,jpg,banner,cpc,600*90,Employment
682,A571,1738.51,0.0039,0.0032,1.6265,371.22,0.0014,19,jpg,banner,cpc,600*90,Employment
683,A572,220.92,0.0028,0.0072,1.8516,362.49,0.002,21,jpg,banner,cpc,600*90,Employment
684,A573,53.48,0.0009,0.012,1.5774,303.9,0.0022,5,jpg,banner,cpc,600*90,Low Price
685,A574,6.52,0.0066,0.016,3.8404,472.56,0.0055,1,jpg,banner,cpc,600*90,Low Price
686,A575,114.47,0.0062,0.0159,2.857,377.61,0.0038,22,jpg,banner,cpc,600*90,Low Price
687,A576,28.69,0.0003,0.0095,2.2779,368.38,0.0023,10,jpg,banner,cpc,600*90,Low Price
688,A577,116.84,0.0022,0.0081,2.7337,308.91,0.0037,18,jpg,banner,cpc,600*90,Low Price
689,A578,10.16,0.0031,0.0176,6.204,470.76,0.0166,30,jpg,banner,cpc,600*90,Expert faculty
690,A579,5.92,0.0,0.0364,2.9367,398.58,0.0036,25,jpg,banner,cpc,600*90,Expert faculty
691,A580,165.79,0.0027,0.0042,2.2885,354.68,0.0029,25,jpg,banner,cpc,600*90,Expert faculty
692,A581,164.69,0.0022,0.0218,2.3847,364.85,0.004,3,jpg,banner,cpc,600*90,Expert faculty
693,A582,225.59,0.0017,0.0139,2.3273,347.66,0.0027,4,jpg,banner,cpc,600*90,Expert faculty
694,A583,18.63,0.002,0.0138,1.8717,388.38,0.0019,21,jpg,banner,cpc,600*90,Expert faculty
695,A584,17.28,0.0039,0.0112,2.2847,379.8,0.0019,22,jpg,banner,cpc,600*90,Expert faculty
696,A585,44.07,0.0053,0.0141,2.0799,402.74,0.0018,1,jpg,banner,cpc,600*90,Expert faculty
697,A586,28.77,0.001,0.004,2.2984,311.59,0.0035,1,jpg,banner,cpc,600*90,Expert faculty
698,A587,27.17,0.0054,0.0306,2.6977,407.39,0.0052,9,jpg,banner,cpc,600*90,Expert faculty
699,A588,152.97,0.0035,0.0208,3.6382,391.23,0.0058,22,jpg,banner,cpc,600*90,Expert faculty
700,A589,130.41,0.0084,0.0215,3.9953,399.94,0.0089,1,jpg,banner,cpc,600*90,Expert faculty
701,A590,212.86,0.0047,0.0034,2.6839,222.59,0.0031,26,jpg,banner,cpc,600*90,Expert faculty
702,A591,3.38,0.0029,0.0,3.6532,254.91,0.0056,9,jpg,banner,cpc,600*90,Expert faculty
703,A592,49.17,0.0045,0.0039,3.0582,370.45,0.0043,22,jpg,banner,cpc,600*90,Expert faculty
704,A593,88.94,0.0099,0.0182,3.4988,352.99,0.0032,1,jpg,banner,cpc,600*90,Expert faculty
705,A594,568.39,0.0027,0.0179,3.461,389.42,0.0044,13,jpg,banner,cpc,600*90,Expert faculty
706,A595,152.9,0.0017,0.0137,2.485,370.96,0.0032,7,jpg,banner,cpc,600*90,Expert faculty
707,A596,77.32,0.0011,0.0143,2.3613,294.53,0.0013,30,jpg,banner,cpc,600*90,Expert faculty
708,A597,80.18,0.0019,0.0124,2.2023,372.06,0.0024,19,jpg,banner,cpc,600*90,Expert faculty
709,A598,66.93,0.0014,0.0151,2.2574,355.74,0.0021,19,jpg,banner,cpc,600*90,Expert faculty
710,A599,13.23,0.0035,0.0215,3.6223,387.24,0.0092,4,jpg,banner,cpc,600*90,Expert faculty
711,A600,59.75,0.0016,0.0184,1.8876,312.8,0.0014,9,jpg,banner,cpc,600*90,Expert faculty
712,A601,1496.41,0.0015,0.0064,1.6607,381.72,0.0029,12,jpg,banner,cpc,600*90,Expert faculty
713,A602,56.51,0.0007,0.0191,1.0501,317.5,0.0,23,jpg,banner,cpc,600*90,Expert faculty
714,A603,141.42,0.0,0.0077,1.0307,443.16,0.0,24,jpg,banner,cpc,600*90,Expert faculty
715,A604,85.36,0.001,0.0128,1.7968,358.04,0.0023,17,jpg,banner,cpc,600*90,Expert faculty
716,A605,238.17,0.0011,0.0094,1.5522,373.64,0.0017,10,jpg,banner,cpc,600*90,Expert faculty
717,A606,128.47,0.0037,0.0202,2.8795,451.55,0.0071,4,jpg,banner,cpc,600*90,Expert faculty
718,A607,160.7,0.0014,0.0088,1.6137,409.33,0.0013,11,jpg,banner,cpc,600*90,Expert faculty
719,A608,99.94,0.0009,0.0067,1.3371,330.23,0.0013,12,jpg,banner,cpc,600*90,Expert faculty
720,A609,273.33,0.0007,0.0074,1.4469,416.74,0.0013,28,jpg,banner,cpc,600*90,Expert faculty
721,A610,200.65,0.0009,0.0078,1.4506,333.16,0.002,20,jpg,banner,cpc,600*90,Expert faculty
722,A611,61.51,0.0021,0.0097,2.468,396.4,0.0036,15,jpg,banner,cpc,600*90,Expert faculty
723,A612,775.72,0.0009,0.0078,1.2177,361.88,0.0004,14,jpg,banner,cpc,600*90,Expert faculty
724,A613,156.17,0.002,0.0098,1.4167,356.71,0.0011,11,jpg,banner,cpc,600*90,Expert faculty
725,A614,275.84,0.0002,0.0083,1.1308,249.53,0.0001,12,jpg,banner,cpc,600*90,Expert faculty
726,A615,170.0,0.0009,0.0094,1.544,322.64,0.0016,16,jpg,banner,cpc,600*90,Expert faculty
727,A616,22.9,0.0056,0.0253,5.0489,527.38,0.0115,29,jpg,banner,cpc,600*90,Expert faculty
728,A617,780.58,0.0011,0.0089,1.3948,420.27,0.0013,23,jpg,banner,cpc,600*90,Expert faculty
729,A618,85.32,0.0018,0.0089,1.6148,437.79,0.0016,21,jpg,banner,cpc,600*90,Expert faculty
730,A619,131.23,0.0001,0.0088,1.193,296.82,0.0005,8,jpg,banner,cpc,600*90,Expert faculty
731,A620,179.34,0.0056,0.0176,2.8243,379.59,0.0054,14,jpg,banner,cpc,600*90,Expert faculty
732,A621,226.77,0.0024,0.0086,2.1403,348.25,0.0025,14,jpg,banner,cpc,600*90,Expert faculty
733,A622,215.31,0.0033,0.0127,2.4599,323.47,0.0038,20,jpg,banner,cpc,600*90,Expert faculty
734,A623,319.57,0.0024,0.0097,1.9923,395.45,0.0023,30,jpg,banner,cpc,600*90,Expert faculty
735,A624,285.42,0.0033,0.0118,2.3893,331.16,0.0038,23,jpg,banner,cpc,600*90,Expert faculty
736,A625,19.43,0.0055,0.0191,4.2362,411.64,0.0091,1,jpg,banner,cpc,600*90,Expert faculty
737,A626,710.28,0.0009,0.0091,1.3803,399.01,0.0013,29,jpg,banner,cpc,600*90,Expert faculty
738,A627,106.02,0.0011,0.0131,1.6237,390.91,0.0018,6,jpg,banner,cpc,600*90,Expert faculty
739,A628,266.1,0.0007,0.0087,1.4539,355.16,0.0012,7,jpg,banner,cpc,600*90,Expert faculty
740,A629,140.06,0.0027,0.0192,2.0499,222.81,0.0033,26,jpg,banner,cpc,600*90,Expert faculty
741,A630,204.56,0.0007,0.0083,1.5727,212.32,0.0009,25,jpg,banner,cpc,600*90,Expert faculty
742,A631,147.75,0.0015,0.0096,1.7112,220.04,0.0017,22,jpg,banner,cpc,600*90,Expert faculty
743,A632,251.62,0.0006,0.0084,1.2753,359.75,0.0005,13,jpg,banner,cpc,600*90,Expert faculty
744,A633,182.16,0.001,0.0115,1.6587,375.51,0.0017,24,jpg,banner,cpc,600*90,Expert faculty
745,A634,154.2,0.0056,0.0117,3.1399,336.53,0.0049,13,jpg,banner,cpc,600*90,Expert faculty
746,A635,2040.55,0.0021,0.0055,1.7619,433.43,0.0009,12,jpg,banner,cpc,600*90,Expert faculty
747,A636,208.57,0.0032,0.0118,2.2968,315.13,0.0028,18,jpg,banner,cpc,600*90,Expert faculty
748,A637,247.66,0.0006,0.0093,1.2236,369.21,0.0007,26,jpg,banner,cpc,600*90,Expert faculty
749,A638,209.58,0.0,0.0071,1.1523,236.55,0.0005,26,jpg,banner,cpc,600*90,Expert faculty
750,A639,35.58,0.0087,0.012,3.5187,409.15,0.0059,1,jpg,banner,cpc,600*90,Expert faculty
751,A640,867.45,0.0028,0.0309,2.0066,400.83,0.003,24,jpg,banner,cpc,600*90,Expert faculty
752,A641,76.62,0.0034,0.0088,1.6812,360.56,0.0013,26,jpg,banner,cpc,600*90,Expert faculty
753,A642,118.74,0.0001,0.0094,1.0433,382.39,0.0001,3,jpg,banner,cpc,600*90,Expert faculty
754,A643,748.47,0.0007,0.0083,1.3365,414.1,0.0013,24,jpg,banner,cpc,600*90,Expert faculty
755,A644,65.04,0.0008,0.009,1.1876,345.05,0.0003,16,jpg,banner,cpc,600*90,Expert faculty
756,A645,220.98,0.0002,0.0093,1.0336,371.87,0.0001,13,jpg,banner,cpc,600*90,Expert faculty
757,A646,6.49,0.0015,0.0209,1.3851,466.05,0.0033,6,jpg,banner,cpc,600*90,Expert faculty
758,A647,26.45,0.0007,0.0078,1.5756,450.02,0.0016,9,jpg,banner,cpc,600*90,Expert faculty
759,A648,20.67,0.0,0.0081,1.117,214.72,0.0001,19,jpg,banner,cpc,600*90,Employment
760,A649,22.35,0.0009,0.0062,1.3376,443.73,0.0009,1,jpg,banner,cpc,600*90,Employment
761,A650,147.69,0.0037,0.0178,2.9416,420.73,0.008,29,jpg,banner,cpc,600*90,Employment
762,A651,140.12,0.0001,0.0058,1.1674,435.32,0.0004,7,jpg,banner,cpc,600*90,Employment
763,A652,98.58,0.0008,0.0087,1.3387,312.01,0.001,25,jpg,banner,cpc,600*90,Employment
764,A653,267.22,0.0011,0.0088,1.4888,426.43,0.0017,22,jpg,banner,cpc,600*90,Employment
765,A654,164.34,0.0016,0.0081,1.5115,361.71,0.0016,19,jpg,banner,cpc,600*90,Employment
766,A655,25.92,0.0095,0.0108,4.0993,447.26,0.0112,16,jpg,banner,cpc,600*90,Employment
767,A656,718.35,0.0009,0.0082,1.3278,402.18,0.001,3,jpg,banner,cpc,600*90,Employment
768,A657,86.2,0.0043,0.0096,1.5403,368.75,0.0011,23,jpg,banner,cpc,600*90,Employment
769,A658,312.59,0.0017,0.0101,1.6938,352.59,0.0021,27,jpg,banner,cpc,600*90,Employment
770,A659,13.19,0.0007,0.0095,1.4861,304.86,0.0018,14,jpg,banner,cpc,600*90,Employment
771,A660,45.88,0.0,0.0047,1.4564,225.91,0.0007,3,jpg,banner,cpc,600*90,Employment
772,A661,14.84,0.0,0.006,1.0552,433.77,0.0002,5,jpg,banner,cpc,600*90,Employment
773,A662,20.52,0.001,0.0067,1.2304,200.02,0.0002,17,jpg,banner,cpc,600*90,Employment
774,A663,5.9,0.0,0.0244,1.1433,264.29,0.0,16,jpg,banner,cpc,600*90,Employment
775,A664,22.24,0.0,0.0069,1.3009,405.47,0.0006,23,jpg,banner,cpc,600*90,Employment
776,A665,20.65,0.0,0.0056,1.1451,236.87,0.0,18,jpg,banner,cpc,600*90,Employment
777,A666,23.37,0.0,0.0057,1.2077,263.55,0.0001,2,jpg,banner,cpc,600*90,Employment
778,A667,114.18,0.0,0.0071,1.0223,226.18,0.0,15,jpg,banner,cpc,600*90,Employment
779,A668,638.17,0.0,0.0077,1.036,326.5,0.0001,22,jpg,banner,cpc,600*90,Employment
780,A669,64.07,0.0002,0.0056,1.0304,268.66,0.0,10,jpg,banner,cpc,600*90,Employment
781,A670,216.22,0.0001,0.0085,1.0311,379.29,0.0001,26,jpg,banner,cpc,600*90,Employment
782,A716,768.57,0.0022,0.0481,3.5344,173.44,0.0055,11,jpg,banner,cpc,600*90,Employment
783,A718,3493.69,0.0004,0.0059,2.5226,131.92,0.0009,12,jpg,banner,cpc,600*90,Employment
784,A719,12.5,0.0,0.0202,2.2552,310.34,0.0061,27,jpg,banner,cpc,600*90,Employment
785,A720,2010.3,0.0007,0.0165,2.9561,78.74,0.0012,12,jpg,banner,cpc,600*90,Employment
786,A721,3.65,0.0,0.0,2.6822,46.35,0.0,23,jpg,banner,cpc,600*90,Employment
787,A725,371.45,0.0003,0.0112,1.1378,322.56,0.0005,26,jpg,banner,cpc,600*90,Employment
788,A726,4.36,0.02,0.004,3.2395,393.26,0.0246,3,jpg,banner,cpc,600*90,Employment
789,A727,61.36,0.0003,0.0092,1.4175,219.99,0.0001,27,jpg,banner,cpc,600*90,Employment
790,A728,63.19,0.0,0.0117,1.4318,182.71,0.0,27,jpg,banner,cpc,600*90,Employment
791,A729,41.97,0.0,0.0017,2.2348,147.56,0.0,26,jpg,banner,cpc,600*90,Employment
792,A730,127.32,0.0001,0.0065,1.1318,333.48,0.0001,24,jpg,banner,cpc,600*90,Employment
793,A731,102.68,0.0001,0.007,1.1007,350.83,0.0,29,jpg,banner,cpc,600*90,Employment
794,A732,87.89,0.0004,0.0152,1.4067,214.85,0.0001,2,jpg,banner,cpc,600*90,Employment
795,A733,25.46,0.0,0.0159,1.4573,148.43,0.0,17,jpg,banner,cpc,600*90,Employment
796,A734,31.91,0.0,0.0055,1.0897,310.99,0.0001,3,jpg,banner,cpc,600*90,Employment
797,A735,11.22,0.0,0.0121,1.0761,271.63,0.0,2,jpg,banner,cpc,600*90,Employment
798,A736,86.56,0.0,0.0094,1.1302,299.21,0.0006,12,jpg,banner,cpc,600*90,Employment
799,A737,29.16,0.0003,0.0108,1.3902,212.71,0.0001,15,jpg,banner,cpc,600*90,Employment
800,A738,8.43,0.0,0.0156,1.4589,119.47,0.0,23,jpg,banner,cpc,600*90,Employment
801,A739,88.43,0.0001,0.0072,1.1156,298.95,0.0001,30,jpg,banner,cpc,600*90,Employment
802,A740,100.83,0.0001,0.0062,1.11,306.65,0.0001,16,jpg,banner,cpc,600*90,Employment
803,A741,516.51,0.0003,0.0089,1.1104,336.76,0.0003,13,jpg,banner,cpc,600*90,Employment
804,A742,20.22,0.0005,0.013,1.4755,208.7,0.0001,24,jpg,banner,cpc,600*90,Employment
805,A743,20.48,0.0014,0.011,1.4768,124.3,0.0001,30,jpg,banner,cpc,600*90,Employment
806,A744,72.68,0.0006,0.0122,1.645,175.94,0.0,22,jpg,banner,cpc,600*90,Employment
807,A745,20.71,0.0005,0.0137,1.6322,105.84,0.0001,12,jpg,banner,cpc,600*90,Employment
808,A746,103.42,0.0,0.0079,1.1083,309.93,0.0,23,jpg,banner,cpc,600*90,Employment
809,A747,78.84,0.0009,0.0055,1.1112,340.94,0.0001,21,jpg,banner,cpc,600*90,Employment
810,A748,227.98,0.0004,0.0104,1.1066,288.38,0.0002,3,jpg,banner,cpc,600*90,Employment
811,A749,77.3,0.0,0.0135,1.3842,216.8,0.0,25,jpg,banner,cpc,600*90,Employment
812,A750,88.85,0.0,0.0106,1.4039,229.3,0.0003,23,jpg,banner,cpc,600*90,Employment
813,A751,45.53,0.0002,0.0128,1.5607,205.1,0.0001,6,jpg,banner,cpc,600*90,Employment
814,A752,100.35,0.0,0.0069,1.118,305.18,0.0002,3,jpg,banner,cpc,600*90,Employment
815,A753,76.59,0.0,0.0043,1.1212,295.79,0.0,6,jpg,banner,cpc,600*90,Employment
816,A754,564.96,0.0003,0.0092,1.1189,340.37,0.0003,11,jpg,banner,cpc,600*90,Employment
817,A755,3.69,0.025,0.0159,3.2568,370.63,0.0213,22,jpg,banner,cpc,600*90,Employment
818,A756,0.54,0.012,0.0,5.988,785.16,0.0882,26,jpg,banner,cpc,600*90,Employment
819,A757,93.25,0.0,0.0049,1.1037,300.77,0.0001,8,jpg,banner,cpc,600*90,Employment
820,A758,38.13,0.0,0.0052,1.0733,280.93,0.0,27,jpg,banner,cpc,600*90,Employment
821,A759,138.69,0.0,0.0068,1.1093,322.23,0.0001,7,jpg,banner,cpc,600*90,Employment
822,A76,2.42,0.0156,0.5826,3.1215,393.69,0.0079,20,jpg,banner,cpc,600*90,Employment
823,A760,103.66,0.0003,0.0059,1.1234,319.47,0.0003,18,jpg,banner,cpc,600*90,Employment
824,A761,421.81,0.0002,0.0097,1.1094,319.94,0.0002,29,jpg,banner,cpc,600*90,Employment
825,A762,16.11,0.0,0.0102,1.3539,286.76,0.0,18,jpg,banner,cpc,600*90,Employment
826,A763,46.16,0.0,0.0123,1.3923,190.95,0.0,11,jpg,banner,cpc,600*90,Employment
827,A764,21.02,0.0,0.0052,1.5407,63.4,0.0,27,jpg,banner,cpc,600*90,Employment
828,A77,12.61,0.0023,0.0063,1.1002,350.83,0.0002,28,jpg,banner,cpc,600*90,Employment
829,A78,0.72,0.0,0.0135,1.4595,186.73,0.0033,23,jpg,banner,cpc,600*90,Employment
830,A79,0.81,0.0,0.0,1.6667,269.47,0.0059,11,jpg,banner,cpc,600*90,Employment
831,A80,18.17,0.0011,0.0016,1.2751,125.33,0.0008,17,jpg,banner,cpc,600*90,Employment
832,A81,3.85,0.0051,0.0026,1.6394,200.86,0.0049,17,jpg,banner,cpc,600*90,Employment
833,A82,3.0,0.0,0.0,1.4885,180.85,0.0024,13,jpg,banner,cpc,600*90,Employment
834,A825,0.81,0.0,0.0,1.8519,50.1,0.0,21,gif,banner,cpc,600*90,Employment
835,A827,4.42,0.0,0.0,98.9799,4450.83,0.0,29,gif,banner,cpc,600*90,Employment
836,A83,2.02,0.0,0.0,1.4683,284.36,0.0094,16,jpg,banner,cpc,600*90,Employment
837,A84,2.6,0.0076,0.0,1.7443,319.58,0.0,24,jpg,banner,cpc,600*90,Employment
838,A85,1.26,0.0,0.0079,1.378,279.65,0.0038,21,jpg,banner,cpc,600*90,Employment
839,A86,8.67,0.0,0.0023,1.3299,88.05,0.0008,18,jpg,banner,cpc,600*90,Employment
840,A87,2.9,0.0,0.0,1.2103,161.36,0.0025,30,jpg,banner,cpc,600*90,Employment
841,A88,4.6,0.0,0.0,1.3918,60.96,0.0,19,jpg,banner,cpc,600*90,Employment
842,A882,8.68,0.004,0.4197,2.6044,332.11,0.0044,8,jpg,banner,cpc,480*360,Improving efficiency
843,A883,3268.41,0.0015,0.0069,1.8947,225.85,0.0022,7,jpg,banner,cpc,600*90,Improving efficiency
844,A884,4.35,0.0,0.0023,1.0114,132.58,0.0,2,jpg,banner,cpc,600*90,Improving efficiency
845,A885,2417.78,0.0016,0.0055,1.7886,235.83,0.0018,22,jpg,banner,cpc,600*90,Improving efficiency
846,A886,3.81,0.0,0.0,1.034,466.08,0.0,11,jpg,banner,cpc,480*360,Low Price
847,A887,12586.93,0.0022,0.0059,2.1795,268.1,0.0028,21,jpg,banner,cpc,480*360,Low Price
848,A888,11.14,0.0,0.0018,1.0036,130.71,0.0,16,jpg,banner,cpc,480*360,Low Price
849,A889,1.32,0.0,0.0,1.25,75.83,0.0,24,jpg,banner,cpc,480*360,Low Price
850,A89,6.16,0.0,0.0,1.3942,65.3,0.0,23,jpg,banner,cpc,600*90,Employment
851,A890,9669.94,0.0011,0.0024,1.689,405.86,0.0016,23,jpg,banner,cpc,480*360,Low Price
852,A891,3.63,0.0,0.0,1.0054,476.24,0.0,8,jpg,banner,cpc,480*360,Low Price
853,A892,2.19,0.0,0.0,1.0676,506.51,0.0,24,jpg,banner,cpc,480*360,Low Price
854,A90,24.17,0.0,0.0041,1.2949,134.15,0.0007,26,jpg,banner,cpc,600*90,Employment
855,A91,1.66,0.0,0.006,1.3631,147.35,0.0,19,jpg,banner,cpc,600*90,Employment
856,A92,7.1,0.0042,0.0056,1.5635,254.0,0.006,25,jpg,banner,cpc,600*90,Employment
857,A93,32.1,0.0012,0.0024,1.3982,219.53,0.005,18,jpg,banner,cpc,600*90,Employment
858,A94,12.5,0.0016,0.0055,1.281,292.61,0.0021,29,jpg,banner,cpc,600*90,Employment
859,A95,11.96,0.0017,0.005,1.1533,107.01,0.003,16,jpg,banner,cpc,600*90,Employment
860,A96,5.72,0.0025,0.2224,5.0515,521.08,0.0083,4,jpg,banner,cpc,600*90,Employment
861,A717,310.4,0.0002,0.0071,2.5104,162.94,0.0007,11,jpg,banner,cpc,960*126,Employment
862,A36,0.79,0.0,0.0,4.8767,595.11,0.0603,29,jpg,banner,roi,960*126,Low Price
863,A506,0.93,0.0,0.0,1.9785,2.42,0.0,18,jpg,banner,cpc,960*126,Low Price
864,A507,0.94,0.0,0.0,1.9681,1.99,0.0,10,jpg,banner,cpc,960*126,Low Price
865,A508,0.95,0.0,0.0,1.9789,2.62,0.0,21,jpg,banner,cpc,960*126,Free
866,A509,0.92,0.0,0.0,1.9783,2.36,0.0,9,jpg,banner,cpc,960*126,Free
867,A510,0.95,0.0,0.0,1.9579,2.63,0.0,2,jpg,banner,cpc,960*126,Free
868,A511,0.93,0.0,0.0,1.9677,2.61,0.0,24,jpg,banner,cpc,960*126,Free
869,A21,4517.26,0.0008,0.0026,1.8983,359.98,0.0005,14,video,tips,cpc,900*120,Promotion and salary increase
870,A22,4268.8,0.0002,0.0008,1.5403,447.43,0.0003,19,video,tips,cpc,900*120,Promotion and salary increase
871,A23,0.97,0.0081,0.5323,4.379,496.18,0.0638,26,video,tips,cpc,900*120,Promotion and salary increase
872,A24,0.98,0.0088,0.5841,3.0619,410.61,0.0194,23,video,tips,cpc,900*120,Free
873,A25,653.99,0.0001,0.011,1.746,543.46,0.0002,18,video,tips,cpc,900*120,Free
874,A26,10.35,0.0099,0.1849,4.2317,421.06,0.0122,16,video,tips,cpc,900*120,Free
875,A27,692.78,0.0002,0.0034,1.6188,358.16,0.0003,25,video,tips,cpc,900*120,Free
876,A28,1461.75,0.0005,0.0061,1.5859,396.01,0.0007,17,video,tips,cpc,900*120,Free
877,A29,1300.96,0.0001,0.002,1.5811,682.62,0.0001,6,video,tips,cpc,900*120,Free
878,A30,1210.01,0.0004,0.0049,1.5768,499.7,0.0006,14,video,tips,cpc,900*120,Free
879,A31,1621.98,0.0003,0.0028,1.2789,521.24,0.0003,1,video,tips,cpc,900*120,Promotion and salary increase
880,A32,2663.84,0.0007,0.0022,1.2722,643.69,0.0005,17,video,tips,cpc,900*120,Promotion and salary increase
881,A33,342.76,0.0007,0.0101,1.6931,316.59,0.001,25,video,tips,cpc,900*120,Promotion and salary increase
882,A34,288.36,0.0,0.001,1.1331,540.51,0.0001,6,video,tips,cpc,900*120,Promotion and salary increase
883,A37,1833.97,0.0009,0.0152,1.6338,450.03,0.0013,3,video,tips,cpc,900*120,Promotion and salary increase
884,A38,1777.75,0.0002,0.0023,1.2588,513.28,0.0002,5,video,tips,cpc,900*120,Promotion and salary increase
885,A39,1953.53,0.0003,0.0026,1.1703,633.08,0.0002,16,video,tips,cpc,900*120,Promotion and salary increase
886,A40,310.53,0.0002,0.0028,1.1546,543.8,0.0001,22,video,tips,cpc,900*120,Promotion and salary increase
887,A41,1370.38,0.0001,0.0016,1.3939,613.32,0.0001,10,video,tips,cpd,900*120,Promotion and salary increase
888,A826,0.86,0.0,0.0,52.6591,1932.61,0.0,19,gif,Splash Screen,cpc,390*270,Employment
